SK_ID_CURR,SK_ID_BUREAU,CREDIT_ACTIVE,CREDIT_CURRENCY,DAYS_CREDIT,CREDIT_DAY_OVERDUE,DAYS_CREDIT_ENDDATE,DAYS_ENDDATE_FACT,AMT_CREDIT_MAX_OVERDUE,CNT_CREDIT_PROLONG,AMT_CREDIT_SUM,AMT_CREDIT_SUM_DEBT,AMT_CREDIT_SUM_LIMIT,AMT_CREDIT_SUM_OVERDUE,CREDIT_TYPE,DAYS_CREDIT_UPDATE,AMT_ANNUITY
344176,5230748,Active,currency 1,-670,0,429.0,,,0,247500.0,237069.0,0.0,0.0,Credit card,-146,
344176,5230749,Active,currency 1,-18,0,10941.0,,0.0,0,96750.0,,,0.0,Credit card,-18,9675.0
154747,5011046,Closed,currency 1,-953,0,-830.0,-920.0,,0,20460.33,0.0,,0.0,Consumer credit,-866,
283065,5011316,Active,currency 1,-241,0,490.0,,,0,225000.0,168012.0,0.0,0.0,Consumer credit,-24,11398.5
213493,6558629,Active,currency 1,-1002,0,9955.0,,0.0,0,4500.0,0.0,4500.0,0.0,Credit card,-553,2637.0
213493,6558630,Closed,currency 1,-294,0,-110.0,-110.0,0.0,0,71941.5,0.0,0.0,0.0,Consumer credit,-110,
180741,5811813,Closed,currency 1,-1301,0,-754.0,-750.0,,0,157500.0,0.0,0.0,0.0,Consumer credit,-750,0.0
180741,5811814,Closed,currency 1,-433,0,,-286.0,,0,45000.0,0.0,,0.0,Microloan,-286,0.0
180741,5811815,Closed,currency 1,-609,0,-64.0,-64.0,,0,225000.0,0.0,,0.0,Consumer credit,-64,0.0
180741,5811816,Closed,currency 1,-609,0,-82.0,-64.0,0.0,0,225000.0,,,0.0,Consumer credit,-64,
131421,5811882,Closed,currency 1,-2842,0,-984.0,-1013.0,,0,708842.925,0.0,,0.0,Consumer credit,-895,
131421,5811883,Closed,currency 1,-2032,0,-1850.0,-1853.0,,0,99090.0,0.0,0.0,0.0,Consumer credit,-1764,0.0
178610,5815034,Active,currency 1,-1364,0,-776.0,,,0,0.0,0.0,0.0,0.0,Credit card,-4,
178610,5815035,Closed,currency 1,-782,0,,-419.0,0.0,0,281250.0,0.0,0.0,0.0,Credit card,-414,
178610,5815036,Closed,currency 1,-819,0,-89.0,-89.0,0.0,0,227037.6,0.0,0.0,0.0,Consumer credit,-88,
178610,5815037,Closed,currency 1,-1579,0,-1274.0,-1272.0,0.0,0,101250.0,0.0,0.0,0.0,Consumer credit,-1272,
299564,5574795,Closed,currency 1,-2011,0,-1676.0,-1660.0,,0,118638.0,0.0,0.0,0.0,Consumer credit,-1003,0.0
398163,6579384,Closed,currency 1,-230,0,1596.0,-165.0,,0,989055.0,0.0,0.0,0.0,Consumer credit,-155,0.0
398163,6579385,Closed,currency 1,-1030,0,-790.0,-790.0,,0,59463.0,0.0,0.0,0.0,Consumer credit,-565,0.0
398163,6579386,Active,currency 1,-651,0,712.0,,,0,0.0,0.0,0.0,0.0,Credit card,-193,
398163,6579387,Closed,currency 1,-664,0,-299.0,-540.0,,0,135000.0,0.0,0.0,0.0,Consumer credit,-291,0.0
398163,6579388,Closed,currency 1,-731,0,365.0,-510.0,,0,360000.0,0.0,0.0,0.0,Consumer credit,-291,0.0
398163,6579389,Active,currency 1,-363,0,1463.0,,,0,450000.0,4.5,0.0,0.0,Consumer credit,-193,442975.5
398163,6579390,Active,currency 1,-216,0,1610.0,,,0,180000.0,83736.0,0.0,0.0,Consumer credit,-25,43650.0
398163,6579391,Active,currency 1,-523,0,1303.0,,,0,1440000.0,959782.5,0.0,0.0,Consumer credit,-5,29731.5
398163,6579392,Closed,currency 1,-1398,0,429.0,-567.0,,0,1440000.0,0.0,,0.0,Consumer credit,-567,0.0
398163,6579393,Active,currency 1,-148,0,34.0,,,0,111721.5,,,0.0,Consumer credit,-140,17959.5
398163,6579394,Closed,currency 1,-516,0,5025.0,-446.0,0.0,0,8064000.0,,,0.0,Mortgage,-446,
126707,6566456,Closed,currency 1,-983,0,-771.0,-828.0,,0,18063.18,0.0,,0.0,Consumer credit,-817,
126707,6566457,Closed,currency 1,-166,0,-105.0,-110.0,,0,13500.0,0.0,0.0,0.0,Consumer credit,-109,0.0
126707,6566458,Closed,currency 1,-183,0,-167.0,-171.0,,0,13500.0,0.0,0.0,0.0,Consumer credit,-167,0.0
126707,6566459,Closed,currency 1,-196,0,-180.0,-183.0,,0,9000.0,0.0,0.0,0.0,Consumer credit,-176,0.0
126707,6566460,Closed,currency 1,-212,0,-196.0,-202.0,,0,9000.0,0.0,0.0,0.0,Consumer credit,-193,0.0
126707,6566461,Closed,currency 1,-223,0,-207.0,-222.0,,0,4500.0,0.0,0.0,0.0,Consumer credit,-221,0.0
126707,6566463,Closed,currency 1,-271,0,-255.0,-263.0,,0,9000.0,0.0,0.0,0.0,Consumer credit,-225,0.0
126707,6566464,Closed,currency 1,-304,0,-288.0,-293.0,,0,4500.0,0.0,0.0,0.0,Consumer credit,-225,0.0
126707,6566465,Closed,currency 1,-752,0,344.0,-365.0,,0,315000.0,0.0,0.0,0.0,Consumer credit,-360,188037.0
126707,6566466,Closed,currency 1,-887,0,-691.0,-691.0,,0,20929.5,0.0,0.0,0.0,Consumer credit,-679,0.0
126707,6566467,Active,currency 1,-395,0,1431.0,,,0,1125000.0,1001313.0,0.0,0.0,Consumer credit,-42,31675.5
126707,6566468,Closed,currency 1,-854,0,-701.0,-701.0,5263.29,0,35955.0,0.0,0.0,0.0,Consumer credit,-695,
131286,5789646,Closed,currency 1,-2254,0,8929.0,-1757.0,0.0,0,10125.0,,,0.0,Credit card,-1757,
396041,5790316,Closed,currency 1,-2877,0,-2388.0,-2414.0,,0,134550.0,0.0,,0.0,Consumer credit,-2013,0.0
396041,5790317,Closed,currency 1,-2762,0,-2401.0,-2401.0,,0,135000.0,0.0,,0.0,Credit card,-1019,0.0
396041,5790318,Closed,currency 1,-650,0,-559.0,-535.0,,0,49153.5,,,0.0,Consumer credit,-527,0.0
396041,5790319,Closed,currency 1,-1316,0,,-1216.0,0.0,0,0.0,0.0,0.0,0.0,Credit card,-654,
249909,5925621,Closed,currency 1,-2734,0,-2551.0,-2551.0,0.0,0,46350.0,0.0,0.0,0.0,Consumer credit,-2551,
279940,6098086,Closed,currency 1,-1455,0,-1150.0,-1150.0,,0,120960.0,0.0,0.0,0.0,Consumer credit,-1150,0.0
279940,6098087,Closed,currency 1,-2687,0,-2379.0,-2365.0,,0,60745.5,,,0.0,Consumer credit,-2365,0.0
317249,6066068,Closed,currency 1,-1400,0,-1064.0,-1123.0,,0,33145.2,0.0,,0.0,Consumer credit,-869,
317249,6066069,Active,currency 1,-113,0,221.0,,,0,59097.6,43900.65,,0.0,Consumer credit,-33,
317249,6066070,Active,currency 1,-257,0,963.0,,,0,67500.0,0.0,0.0,0.0,Credit card,-122,
317249,6066072,Closed,currency 1,-331,0,-209.0,-209.0,0.0,0,67068.0,0.0,0.0,0.0,Consumer credit,-156,
317249,6066073,Closed,currency 1,-2144,0,-1048.0,-1383.0,3258.0,0,296100.0,0.0,0.0,0.0,Consumer credit,-1338,
293851,6019008,Active,currency 1,-244,0,86.0,,,0,67500.0,59409.0,0.0,0.0,Credit card,-156,
293851,6019009,Closed,currency 1,-393,0,-378.0,-386.0,,0,13500.0,0.0,,0.0,Microloan,-379,0.0
293851,6019010,Closed,currency 1,-368,0,-353.0,-354.0,,0,13500.0,0.0,,0.0,Microloan,-349,0.0
293851,6019011,Closed,currency 1,-286,0,-271.0,-279.0,,0,13500.0,0.0,,0.0,Microloan,-274,0.0
304977,5946482,Closed,currency 1,-1980,0,-1768.0,-1888.0,,0,37987.38,0.0,,0.0,Consumer credit,-890,
304977,5946483,Closed,currency 1,-1716,0,-1138.0,-1167.0,,0,82559.07,0.0,,0.0,Consumer credit,-890,
304977,5946484,Closed,currency 1,-2086,0,-1752.0,-1872.0,,0,51300.9,0.0,,0.0,Consumer credit,-890,
304977,5946485,Closed,currency 1,-2321,0,-2138.0,-2138.0,,0,18630.0,0.0,0.0,0.0,Consumer credit,-1763,0.0
304977,5946486,Closed,currency 1,-1403,0,-1218.0,-1213.0,,0,66843.0,0.0,0.0,0.0,Consumer credit,-965,0.0
304977,5946487,Closed,currency 1,-1125,0,-941.0,-1003.0,,0,26883.0,0.0,0.0,0.0,Consumer credit,-986,0.0
304977,5946489,Closed,currency 1,-1714,0,-1533.0,-1533.0,,0,24880.5,0.0,,0.0,Consumer credit,-1341,0.0
304977,5946490,Active,currency 1,-301,0,438.0,,0.0,0,276480.0,180440.055,0.0,0.0,Consumer credit,-8,13041.0
304977,5946491,Closed,currency 1,-765,0,-612.0,-612.0,0.0,0,71652.42,0.0,0.0,0.0,Consumer credit,-606,
304977,5946492,Closed,currency 1,-1402,0,-1218.0,-1218.0,0.0,0,66847.275,0.0,0.0,0.0,Consumer credit,-1218,
304977,5946493,Active,currency 1,-2171,0,-1988.0,,2554.38,0,14175.0,0.0,0.0,0.0,Consumer credit,-92,2362.5
126707,6566462,Closed,currency 1,-254,0,-224.0,-230.0,,0,9000.0,0.0,0.0,0.0,Consumer credit,-225,0.0
271368,6298639,Active,currency 1,-1197,0,2455.0,,,0,2250000.0,718866.0,0.0,0.0,Mortgage,-40,12987.0
271368,6298640,Closed,currency 1,-1280,0,-1257.0,-1238.0,,0,66195.0,0.0,0.0,0.0,Consumer credit,-987,0.0
271368,6298641,Active,currency 1,-217,0,148.0,,,0,333000.0,192757.5,0.0,0.0,Consumer credit,-29,35415.0
271368,6298642,Closed,currency 1,-371,0,-66.0,-66.0,0.0,0,40662.0,0.0,0.0,0.0,Consumer credit,-66,
271368,6298643,Closed,currency 1,-456,0,-364.0,-364.0,0.0,0,35545.095,0.0,0.0,0.0,Consumer credit,-358,
271368,6298644,Closed,currency 1,-589,0,-497.0,-497.0,0.0,0,25325.82,0.0,0.0,0.0,Consumer credit,-491,
325817,6095217,Closed,currency 1,-990,0,,-584.0,,0,4500.0,,,0.0,Consumer credit,-584,
293971,6452932,Closed,currency 1,-2744,0,-1648.0,-1645.0,,0,229077.0,0.0,0.0,0.0,Consumer credit,-1637,0.0
293971,6452933,Closed,currency 1,-877,0,949.0,-602.0,,0,3600000.0,0.0,0.0,0.0,Consumer credit,-283,0.0
293971,6452934,Closed,currency 1,-1195,0,-920.0,-919.0,,0,243000.0,0.0,0.0,0.0,Credit card,-887,0.0
293971,6452935,Closed,currency 1,-1712,0,-981.0,-981.0,,0,123889.5,0.0,0.0,0.0,Consumer credit,-937,0.0
293971,6452936,Closed,currency 1,-1458,0,369.0,-877.0,,0,990000.0,0.0,0.0,0.0,Consumer credit,-807,0.0
293971,6452937,Closed,currency 1,-1416,0,-1233.0,-644.0,,0,50580.0,0.0,0.0,0.0,Consumer credit,-642,0.0
293971,6452938,Active,currency 1,-602,0,949.0,,,0,3323011.5,2302236.0,0.0,0.0,Consumer credit,-17,91710.0
293971,6452939,Closed,currency 1,-1781,0,-1050.0,-1447.0,,0,448740.0,,,0.0,Consumer credit,-1389,0.0
293971,6452940,Active,currency 1,-189,0,542.0,,,0,167251.5,128470.5,,0.0,Consumer credit,-6,7758.0
293971,6452941,Active,currency 1,-553,0,178.0,,,0,104611.5,27576.0,,0.0,Consumer credit,-6,4747.5
138820,6776311,Active,currency 1,-391,0,1435.0,,,0,900000.0,788197.5,0.0,0.0,Consumer credit,-20,24606.0
264627,6400382,Closed,currency 1,-1844,0,-1603.0,-1579.0,,0,102015.0,0.0,0.0,0.0,Consumer credit,-1025,0.0
109346,6096392,Closed,currency 1,-366,0,-60.0,-96.0,,0,38196.0,0.0,0.0,0.0,Consumer credit,-93,0.0
109346,6096393,Closed,currency 1,-1694,0,-1600.0,-1514.0,,0,10179.0,0.0,0.0,0.0,Consumer credit,-1514,0.0
109346,6096394,Active,currency 1,-375,0,1452.0,,12168.0,0,450000.0,,,0.0,Consumer credit,-10,12163.5
109346,6096395,Closed,currency 1,-1361,0,-263.0,-1082.0,0.0,0,0.0,,,0.0,Credit card,-1082,
109346,6096396,Active,currency 1,-784,0,1042.0,,2753.055,0,189000.0,137767.5,0.0,0.0,Consumer credit,-24,3150.0
109346,6096397,Closed,currency 1,-1512,0,-416.0,-606.0,0.0,0,139500.0,0.0,0.0,0.0,Consumer credit,-606,
109346,6096398,Closed,currency 1,-2061,0,-1521.0,-1580.0,2587.59,0,67500.0,0.0,0.0,0.0,Consumer credit,-1580,
279940,6098088,Closed,currency 1,-1778,0,-1686.0,-1686.0,,0,31747.5,0.0,,0.0,Consumer credit,-1677,0.0
279940,6098089,Closed,currency 1,-2508,0,-2197.0,-1193.0,,0,81000.0,,,0.0,Consumer credit,-1190,0.0
279940,6098090,Active,currency 1,-1722,0,,,,0,27000.0,0.0,,0.0,Credit card,-1054,0.0
279940,6098091,Active,currency 1,-1079,0,9878.0,,5890.5,0,204750.0,,,0.0,Credit card,-66,20475.0
279940,6098092,Closed,currency 1,-1134,0,692.0,-573.0,5679.0,0,2055838.5,,,0.0,Car loan,-573,
279940,6098093,Closed,currency 1,-1842,0,-1536.0,-1536.0,5660.01,0,53505.0,0.0,0.0,0.0,Consumer credit,-1534,
106937,6279990,Closed,currency 1,-2656,0,-2442.0,-2415.0,,0,19121.31,0.0,,0.0,Consumer credit,-11,
106937,6279994,Closed,currency 1,-476,0,-104.0,-104.0,,0,155988.0,0.0,0.0,0.0,Consumer credit,-87,0.0
106937,6279995,Closed,currency 1,-1638,0,-1484.0,-1483.0,,0,23665.5,0.0,0.0,0.0,Consumer credit,-1021,0.0
106937,6279996,Active,currency 1,-1559,0,30873.0,,,0,126000.0,125374.5,0.0,0.0,Credit card,-29,10224.0
106937,6279997,Closed,currency 1,-1637,0,-1484.0,-1483.0,,0,23665.5,0.0,,0.0,Consumer credit,-1366,0.0
106937,6279998,Active,currency 1,-691,0,,,,0,225000.0,230571.0,,0.0,Credit card,-2,16447.5
106937,6279989,Closed,currency 1,-1794,0,-1579.0,-1608.0,,0,26777.61,0.0,,0.0,Consumer credit,-11,
448125,6287648,Closed,currency 1,-1949,0,901.0,-184.0,,0,1035000.0,0.0,,0.0,Credit card,-181,
448125,6287649,Closed,currency 1,-2770,0,-2434.0,-2463.0,,0,41952.6,0.0,,0.0,Consumer credit,-902,
182501,5816582,Closed,currency 1,-2593,0,-2396.0,-2406.0,,0,209295.0,0.0,,0.0,Consumer credit,-631,
182501,5816583,Closed,currency 1,-2091,0,-1726.0,-1712.0,,0,731700.0,0.0,,0.0,Consumer credit,-612,
182501,5816584,Closed,currency 1,-1215,0,-972.0,-969.0,,0,225000.0,0.0,0.0,0.0,Consumer credit,-963,0.0
182501,5816585,Closed,currency 1,-1533,0,-1288.0,-1257.0,,0,225000.0,0.0,0.0,0.0,Consumer credit,-1001,0.0
182501,5816586,Closed,currency 1,-852,0,-826.0,-826.0,,0,720000.0,0.0,,0.0,Consumer credit,-822,0.0
182501,5816587,Active,currency 1,-719,0,30885.0,,,0,675004.5,671112.0,,0.0,Credit card,-17,38673.0
182501,5816588,Active,currency 1,-1054,0,30885.0,,,0,810000.0,771286.5,,0.0,Credit card,-20,54292.5
182501,5816589,Active,currency 1,-342,0,23.0,,30616.425,0,312422.4,68692.5,0.0,0.0,Consumer credit,-31,26035.2
182501,5816590,Closed,currency 1,-739,0,-373.0,-373.0,0.0,0,461250.0,0.0,0.0,0.0,Consumer credit,-367,
448125,6287647,Active,currency 1,-82,0,1752.0,,,0,0.0,0.0,0.0,0.0,Credit card,-34,
448125,6287650,Closed,currency 1,-1949,0,-1261.0,-336.0,,0,0.0,0.0,,0.0,Credit card,-333,
448125,6287652,Active,currency 1,-1757,0,444.0,,,0,391500.0,395626.5,0.0,0.0,Credit card,-5,
448125,6287653,Active,currency 1,-266,0,1560.0,,,0,1840500.0,1692571.5,0.0,0.0,Consumer credit,-11,50314.5
448125,6287654,Active,currency 1,-310,0,786.0,,0.0,0,389250.0,318168.0,0.0,0.0,Consumer credit,-36,10812.51
448125,6287655,Closed,currency 1,-1598,0,-1217.0,-1217.0,49.5,0,122427.0,,,0.0,Consumer credit,-1212,
304977,5946488,Closed,currency 1,-1715,0,-1533.0,-1519.0,,0,24880.5,0.0,0.0,0.0,Consumer credit,-996,0.0
124316,6772047,Closed,currency 1,-333,0,-210.0,-210.0,0.0,0,21692.835,0.0,0.0,0.0,Consumer credit,-207,
217493,5765211,Closed,currency 1,-2852,0,-2668.0,-2633.0,,0,135000.0,,,0.0,Consumer credit,-2633,0.0
217493,5765212,Closed,currency 1,-1713,0,-1620.0,-1620.0,,0,17464.5,0.0,,0.0,Consumer credit,-1620,0.0
217493,5765213,Closed,currency 1,-1538,0,-1385.0,-1385.0,,0,37800.0,0.0,,0.0,Consumer credit,-1383,8307.0
217493,5765214,Active,currency 1,-247,0,836.0,,0.0,0,765000.0,627900.84,0.0,0.0,Consumer credit,-9,10297.62
217493,5765215,Active,currency 1,-904,0,1314.0,,0.0,0,135000.0,94410.0,40590.0,0.0,Credit card,-30,4720.5
217493,5765217,Closed,currency 1,-2429,0,-2064.0,-2098.0,0.0,0,135000.0,,,0.0,Consumer credit,-2094,
125093,6434818,Closed,currency 1,-1498,0,-1314.0,-1177.0,,0,71289.0,,,0.0,Consumer credit,-1174,0.0
125093,6434819,Closed,currency 1,-546,0,-273.0,-273.0,0.0,0,68076.0,0.0,0.0,0.0,Consumer credit,-273,
125093,6434820,Closed,currency 1,-952,0,-463.0,-587.0,0.0,0,89550.0,0.0,0.0,0.0,Consumer credit,-582,
249909,5925604,Closed,currency 1,-2162,0,-1066.0,-1795.0,,0,112500.0,0.0,0.0,0.0,Consumer credit,-877,0.0
249909,5925605,Closed,currency 1,-2735,0,-2187.0,-2187.0,,0,247500.0,0.0,0.0,0.0,Consumer credit,-877,0.0
249909,5925606,Closed,currency 1,-257,0,-241.0,-255.0,,0,13500.0,0.0,0.0,0.0,Consumer credit,-252,0.0
249909,5925607,Closed,currency 1,-1782,0,-867.0,-875.0,,0,256500.0,0.0,0.0,0.0,Consumer credit,-351,0.0
249909,5925608,Active,currency 1,-1167,0,-166.0,,,0,270000.0,142902.0,0.0,0.0,Credit card,-212,
249909,5925609,Closed,currency 1,-1106,0,-1014.0,-1014.0,,0,45000.0,,,0.0,Consumer credit,-1011,
249909,5925610,Closed,currency 1,-196,0,,-152.0,,0,27000.0,0.0,,0.0,Consumer credit,-152,0.0
249909,5925611,Closed,currency 1,-107,0,,-92.0,,0,27000.0,0.0,,0.0,Consumer credit,-92,0.0
249909,5925612,Closed,currency 1,-67,0,,-17.0,,0,27000.0,0.0,,0.0,Consumer credit,-17,0.0
249909,5925613,Active,currency 1,-17,0,,,,0,45000.0,49950.0,,0.0,Consumer credit,-7,0.0
249909,5925614,Active,currency 1,-337,0,1507.0,,,0,100278.0,25875.0,,0.0,Consumer credit,-3,
249909,5925615,Sold,currency 1,-337,0,1507.0,-199.0,0.0,0,135000.0,0.0,0.0,0.0,Credit card,-197,
249909,5925616,Active,currency 1,-403,0,,,0.0,0,45000.0,0.0,0.0,0.0,Credit card,-36,4500.0
249909,5925617,Active,currency 1,-500,0,,,0.0,0,45000.0,0.0,0.0,0.0,Credit card,-50,4500.0
249909,5925618,Closed,currency 1,-769,0,-677.0,-677.0,0.0,0,58500.0,0.0,0.0,0.0,Consumer credit,-673,
249909,5925619,Closed,currency 1,-942,0,-850.0,-850.0,0.0,0,45000.0,0.0,0.0,0.0,Consumer credit,-841,
249909,5925620,Closed,currency 1,-996,0,-266.0,-357.0,0.0,0,112315.095,0.0,0.0,0.0,Consumer credit,-357,
213240,6216208,Closed,currency 1,-1691,0,-1386.0,-1384.0,,0,29070.0,0.0,,0.0,Consumer credit,-1384,0.0
213240,6216209,Closed,currency 1,-1805,0,-1502.0,-1176.0,,0,92704.5,,,0.0,Consumer credit,-1173,0.0
213240,6216210,Closed,currency 1,-1260,0,-958.0,-924.0,,0,46494.0,,,0.0,Consumer credit,-921,0.0
213240,6216211,Closed,currency 1,-2078,0,-1774.0,-1774.0,0.0,0,70834.5,0.0,0.0,0.0,Consumer credit,-1770,
208312,6216979,Closed,currency 1,-2707,0,-2438.0,-2439.0,,0,117000.0,,,0.0,Consumer credit,-2432,0.0
266499,6217901,Closed,currency 1,-2483,0,-1022.0,-1021.0,,0,450000.0,,,0.0,Consumer credit,-1021,0.0
266499,6217902,Closed,currency 1,-1936,0,-1571.0,-1586.0,,0,135000.0,,,0.0,Consumer credit,-720,0.0
266499,6217903,Active,currency 1,-1486,0,-465.0,,,0,0.0,0.0,,0.0,Credit card,-149,0.0
266499,6217904,Closed,currency 1,-1270,0,-904.0,-955.0,0.0,0,115375.5,,,0.0,Consumer credit,-954,
266499,6217905,Closed,currency 1,-1581,0,-1034.0,-1270.0,23350.5,0,225000.0,,,0.0,Consumer credit,-1268,
266499,6217906,Active,currency 1,-1229,0,590.0,,6052.455,0,333000.0,318247.965,14752.035,0.0,Credit card,-8,18900.0
317814,6219218,Active,currency 1,-911,0,,,0.0,0,270000.0,264613.5,5384.7,0.0,Credit card,-26,27000.0
317814,6219219,Closed,currency 1,-1001,0,-913.0,-913.0,0.0,0,57960.0,0.0,0.0,0.0,Consumer credit,-908,
317814,6219220,Closed,currency 1,-1022,0,-845.0,-845.0,0.0,0,145211.58,0.0,0.0,0.0,Consumer credit,-845,
314364,6436662,Closed,currency 1,-1803,0,-1499.0,-1516.0,,0,116046.0,0.0,,0.0,Consumer credit,-1494,0.0
314364,6436663,Closed,currency 1,-1056,0,-691.0,-691.0,0.0,0,62614.17,0.0,0.0,0.0,Consumer credit,-689,
353814,6176821,Closed,currency 1,-815,0,-631.0,-626.0,,0,19350.0,0.0,0.0,0.0,Consumer credit,-625,0.0
353814,6176822,Closed,currency 1,-2470,0,-2105.0,-2103.0,,0,193590.0,0.0,,0.0,Consumer credit,-2101,18661.5
353814,6176823,Active,currency 1,-186,0,,,,0,90000.0,,,0.0,Credit card,-180,0.0
353814,6176824,Active,currency 1,-186,0,545.0,,,0,137079.0,114768.0,,0.0,Consumer credit,-33,7632.0
402376,5950907,Closed,currency 1,-1805,0,-1409.0,-1389.0,,0,121240.53,0.0,,0.0,Consumer credit,-13,
402376,5950908,Closed,currency 1,-2590,0,-2255.0,-2280.0,,0,154341.45,0.0,,0.0,Consumer credit,-13,
261500,5659185,Closed,currency 1,-1798,0,-1289.0,-919.0,,0,0.0,0.0,0.0,0.0,Credit card,-917,0.0
261500,5659186,Closed,currency 1,-1255,0,-1169.0,-1136.0,,0,24547.5,,,0.0,Consumer credit,-1133,0.0
271368,6298645,Closed,currency 1,-1279,0,-1257.0,-1257.0,0.0,0,66198.375,0.0,0.0,0.0,Consumer credit,-1257,
213818,6716707,Closed,currency 1,-43,0,-27.0,-38.0,,0,27000.0,0.0,0.0,0.0,Consumer credit,-36,0.0
213818,6716708,Closed,currency 1,-1100,0,2552.0,-1069.0,,0,1260000.0,0.0,0.0,0.0,Mortgage,-209,0.0
213818,6716709,Active,currency 1,-1085,0,,,,0,90000.0,0.0,,0.0,Credit card,-1040,0.0
213818,6716710,Active,currency 1,-309,0,27268.0,,0.0,0,180000.0,118010.97,0.0,0.0,Credit card,-14,4500.0
213818,6716711,Closed,currency 1,-1469,0,-1163.0,-1142.0,12603.69,0,120460.5,0.0,0.0,0.0,Consumer credit,-1142,
238850,6720047,Closed,currency 1,-1798,0,-1403.0,-1430.0,,0,92258.1,0.0,,0.0,Consumer credit,-895,
238850,6720048,Closed,currency 1,-2865,0,-2650.0,-2679.0,,0,23710.5,0.0,,0.0,Consumer credit,-895,
238850,6720049,Active,currency 1,-517,0,797.0,,,0,180000.0,0.0,0.0,0.0,Credit card,-143,
180741,5811817,Closed,currency 1,-1390,0,-294.0,-294.0,0.0,0,360000.0,0.0,0.0,0.0,Consumer credit,-294,
180741,5811818,Closed,currency 1,-1538,0,-1232.0,-1232.0,0.0,0,72000.0,0.0,0.0,0.0,Consumer credit,-1232,
396041,5790320,Closed,currency 1,-2878,0,-2388.0,-2388.0,0.0,0,134550.0,0.0,0.0,0.0,Consumer credit,-2384,
217493,5765216,Closed,currency 1,-2298,0,-1568.0,-2156.0,0.0,0,0.0,,,0.0,Credit card,-2156,
280342,6609718,Closed,currency 1,-1468,0,-1254.0,-1374.0,,0,15165.36,0.0,,0.0,Consumer credit,-899,
280342,6609719,Closed,currency 1,-1578,0,-1335.0,-1486.0,,0,32266.08,0.0,,0.0,Consumer credit,-899,
280342,6609720,Closed,currency 1,-981,0,-647.0,-676.0,,0,73699.2,0.0,,0.0,Consumer credit,-674,
280342,6609721,Closed,currency 1,-1107,0,-772.0,-801.0,,0,67738.95,0.0,,0.0,Consumer credit,-800,
280342,6609722,Closed,currency 1,-1552,0,-1340.0,-1461.0,,0,59813.19,0.0,,0.0,Consumer credit,-899,
280342,6609723,Active,currency 1,-2368,0,12649.0,,,0,180000.0,0.0,0.0,0.0,Credit card,-1781,178555.5
280342,6609724,Closed,currency 1,-616,0,-493.0,-491.0,,0,17554.5,0.0,0.0,0.0,Consumer credit,-490,0.0
280342,6609725,Closed,currency 1,-2763,0,-2458.0,-2455.0,,0,91075.5,,,0.0,Consumer credit,-2450,
280342,6609726,Closed,currency 1,-1509,0,-1417.0,-1417.0,,0,25942.5,0.0,,0.0,Consumer credit,-1399,0.0
280342,6609728,Closed,currency 1,-1767,0,-1583.0,-1583.0,,0,33570.0,0.0,,0.0,Consumer credit,-1399,0.0
280342,6609729,Closed,currency 1,-1800,0,-1615.0,-1615.0,,0,33916.5,0.0,,0.0,Consumer credit,-1399,0.0
280342,6609730,Closed,currency 1,-2190,0,-2006.0,-2006.0,,0,35320.5,0.0,,0.0,Consumer credit,-1399,0.0
280342,6609731,Closed,currency 1,-1399,0,-1244.0,-1244.0,,0,77031.0,0.0,,0.0,Consumer credit,-1244,0.0
280342,6609732,Closed,currency 1,-1295,0,-990.0,-990.0,,0,164880.0,0.0,,0.0,Consumer credit,-986,18000.0
280342,6609733,Closed,currency 1,-1453,0,-522.0,-521.0,,0,13500.0,0.0,,0.0,Credit card,-517,0.0
280342,6609734,Active,currency 1,-2056,0,12649.0,,,0,180000.0,181386.0,,0.0,Credit card,-4,8581.5
280342,6609735,Active,currency 1,-201,0,103.0,,0.0,0,39181.5,16478.64,0.0,0.0,Consumer credit,-17,4306.5
280342,6609736,Closed,currency 1,-1843,0,-17.0,-14.0,35118.0,0,1350000.0,,,0.0,Consumer credit,-14,
320940,6611204,Closed,currency 1,-2913,0,-2364.0,-2408.0,,0,135000.0,0.0,0.0,0.0,Consumer credit,-750,0.0
320940,6611205,Closed,currency 1,-1525,0,-429.0,-447.0,,0,143019.0,0.0,0.0,0.0,Consumer credit,-398,5152.5
320940,6611206,Closed,currency 1,-1993,0,-167.0,-750.0,,0,450000.0,0.0,0.0,0.0,Consumer credit,-163,0.0
320940,6611207,Active,currency 1,-1497,0,704.0,,,0,324000.0,290371.5,0.0,0.0,Credit card,-16,
320940,6611210,Closed,currency 1,-1933,0,-1387.0,-1374.0,,0,121869.0,0.0,,0.0,Consumer credit,-1361,0.0
320940,6611211,Closed,currency 1,-324,0,-173.0,-147.0,,0,37012.5,,,0.0,Consumer credit,-132,0.0
285282,6726318,Closed,currency 1,-1812,0,-1552.0,-1526.0,,0,103671.0,0.0,0.0,0.0,Consumer credit,-1003,0.0
285282,6726316,Closed,currency 1,-339,0,-65.0,-65.0,,0,44923.5,0.0,0.0,0.0,Consumer credit,-62,0.0
285282,6726317,Closed,currency 1,-1019,0,-964.0,-964.0,,0,107496.0,0.0,0.0,0.0,Consumer credit,-957,0.0
285282,6726319,Active,currency 1,-36,0,361.0,,,0,44482.5,44482.5,0.0,0.0,Consumer credit,-34,0.0
285282,6726320,Closed,currency 1,-1811,0,-1552.0,-1552.0,,0,103671.0,0.0,,0.0,Consumer credit,-1019,0.0
285282,6726321,Active,currency 1,-119,0,,,0.0,0,225094.005,224275.5,814.455,0.0,Credit card,-25,22509.405
285282,6726322,Active,currency 1,-206,0,,,0.0,0,119232.0,64737.0,54493.47,0.0,Credit card,-21,11923.2
285282,6726323,Closed,currency 1,-497,0,-311.0,-463.0,0.0,0,11056.5,0.0,0.0,0.0,Microloan,-462,
285282,6726324,Closed,currency 1,-626,0,-576.0,-576.0,0.0,0,20916.72,0.0,0.0,0.0,Consumer credit,-571,
285282,6726325,Closed,currency 1,-776,0,-628.0,-628.0,0.0,0,39341.25,0.0,0.0,0.0,Consumer credit,-627,
285282,6726326,Closed,currency 1,-1703,0,,-419.0,0.0,0,270000.0,0.0,0.0,0.0,Credit card,-417,
409076,6727090,Closed,currency 1,-1178,0,-820.0,-1063.0,,0,93537.0,0.0,0.0,0.0,Consumer credit,-1035,9486.0
409076,6727091,Active,currency 1,-184,0,181.0,,,0,86242.5,52771.5,0.0,0.0,Consumer credit,-30,0.0
409076,6727093,Closed,currency 1,-852,0,-672.0,-644.0,,0,64966.5,,,0.0,Consumer credit,-638,0.0
409076,6727094,Closed,currency 1,-841,0,-663.0,-637.0,,0,54706.5,,,0.0,Consumer credit,-631,0.0
409076,6727095,Closed,currency 1,-659,0,-295.0,-267.0,,0,122359.5,,,0.0,Consumer credit,-260,0.0
409076,6727096,Closed,currency 1,-425,0,-152.0,-126.0,,0,80077.5,,,0.0,Consumer credit,-120,9355.5
409076,6727097,Active,currency 1,-315,0,415.0,,,0,299097.0,,,0.0,Consumer credit,-2,16902.0
409076,6727098,Active,currency 1,-338,0,27.0,,0.0,0,112349.88,20655.0,0.0,0.0,Consumer credit,-34,9362.475
280342,6609727,Closed,currency 1,-1660,0,-1478.0,-1478.0,,0,30244.5,0.0,,0.0,Consumer credit,-1399,0.0
264627,6647083,Closed,currency 1,-1707,0,-976.0,-1157.0,,0,71455.5,0.0,0.0,0.0,Consumer credit,-1157,0.0
318109,6342591,Closed,currency 1,-341,0,-157.0,-247.0,,0,43060.5,0.0,0.0,0.0,Consumer credit,-246,0.0
318109,6342592,Active,currency 1,-625,0,454.0,,,0,180000.0,0.0,0.0,0.0,Credit card,-107,
318109,6342593,Active,currency 1,-458,0,1368.0,,,0,571500.0,478836.0,0.0,0.0,Consumer credit,-27,14359.5
318109,6342594,Closed,currency 1,-690,0,-325.0,-416.0,0.0,0,103455.0,0.0,0.0,0.0,Consumer credit,-415,
339954,6004870,Closed,currency 1,-1627,0,-1322.0,-1318.0,,0,112531.5,0.0,0.0,0.0,Consumer credit,-1001,0.0
339954,6004871,Closed,currency 1,-1547,0,-1272.0,-1271.0,,0,102600.0,0.0,0.0,0.0,Credit card,-1001,0.0
339954,6004872,Active,currency 1,-470,0,260.0,,6340.995,0,135000.0,71446.905,0.0,0.0,Consumer credit,-41,7920.0
339954,6004873,Closed,currency 1,-1626,0,-1322.0,-1322.0,0.0,0,112531.95,0.0,0.0,0.0,Consumer credit,-1322,
291513,6645470,Closed,currency 1,-520,0,-155.0,-256.0,,0,2025000.0,0.0,0.0,0.0,Consumer credit,-162,0.0
291513,6645471,Closed,currency 1,-845,0,616.0,-518.0,,0,2026467.0,0.0,0.0,0.0,Consumer credit,-512,0.0
291513,6645472,Closed,currency 1,-845,0,616.0,-614.0,,0,2250000.0,0.0,0.0,0.0,Consumer credit,-295,0.0
291513,6645473,Active,currency 1,-212,0,7093.0,,,0,18450000.0,18332347.5,0.0,0.0,Mortgage,-29,203152.5
291513,6645474,Closed,currency 1,-1470,0,-361.0,-966.0,,0,101250.0,0.0,,0.0,Credit card,-960,0.0
291513,6645475,Closed,currency 1,-614,0,616.0,-518.0,,0,2026467.0,0.0,,0.0,Consumer credit,-514,0.0
264627,6647079,Closed,currency 1,-985,0,-862.0,-891.0,,0,90000.0,0.0,,0.0,Consumer credit,-875,
264627,6647081,Closed,currency 1,-1737,0,-1550.0,-1550.0,,0,13500.0,0.0,0.0,0.0,Credit card,-1025,0.0
264627,6647082,Closed,currency 1,-1604,0,-1157.0,-1157.0,,0,775863.0,0.0,0.0,0.0,Consumer credit,-1154,0.0
264627,6647084,Active,currency 1,-672,0,432.0,,,0,648000.0,565915.5,0.0,0.0,Credit card,-131,
264627,6647085,Active,currency 1,-749,0,4730.0,,,0,14850000.0,12424549.5,0.0,0.0,Mortgage,-31,173052.0
264627,6647086,Closed,currency 1,-1843,0,-1603.0,-1607.0,,0,102015.0,0.0,,0.0,Consumer credit,-1601,0.0
264627,6647087,Closed,currency 1,-1237,0,-1062.0,-1062.0,,0,26491.5,0.0,,0.0,Credit card,-1062,67.5
264627,6647088,Active,currency 1,-1148,0,678.0,,94.5,0,1945944.0,967531.5,,0.0,Consumer credit,-21,50382.0
299564,5574792,Active,currency 1,-1348,0,-717.0,,,0,0.0,0.0,0.0,0.0,Credit card,-16,
299564,5574793,Closed,currency 1,-1129,0,-734.0,-913.0,,0,60614.28,0.0,,0.0,Consumer credit,-861,
299564,5574794,Closed,currency 1,-2072,0,-1950.0,-2009.0,,0,45979.74,0.0,,0.0,Consumer credit,-902,
299564,5574796,Closed,currency 1,-1252,0,-157.0,-704.0,,0,675000.0,0.0,0.0,0.0,Consumer credit,-154,0.0
299564,5574797,Active,currency 1,-1237,0,135.0,,,0,432000.0,403663.5,0.0,0.0,Credit card,-17,
299564,5574798,Active,currency 1,-1560,0,5744.0,,,0,12555000.0,9939375.0,0.0,0.0,Mortgage,-5,155079.0
299564,5574800,Closed,currency 1,-2010,0,-1676.0,-1691.0,,0,118638.0,0.0,,0.0,Consumer credit,-1674,0.0
299564,5574801,Active,currency 1,-609,0,1215.0,,,0,1125000.0,1173141.0,,0.0,Consumer credit,-28,28800.0
