SK_ID_PREV,SK_ID_CURR,NAME_CONTRACT_TYPE,AMT_ANNUITY,AMT_APPLICATION,AMT_CREDIT,AMT_DOWN_PAYMENT,AMT_GOODS_PRICE,WEEKDAY_APPR_PROCESS_START,HOUR_APPR_PROCESS_START,FLAG_LAST_APPL_PER_CONTRACT,NFLAG_LAST_APPL_IN_DAY,RATE_DOWN_PAYMENT,RATE_INTEREST_PRIMARY,RATE_INTEREST_PRIVILEGED,NAME_CASH_LOAN_PURPOSE,NAME_CONTRACT_STATUS,DAYS_DECISION,NAME_PAYMENT_TYPE,CODE_REJECT_REASON,NAME_TYPE_SUITE,NAME_CLIENT_TYPE,NAME_GOODS_CATEGORY,NAME_PORTFOLIO,NAME_PRODUCT_TYPE,CHANNEL_TYPE,SELLERPLACE_AREA,NAME_SELLER_INDUSTRY,CNT_PAYMENT,NAME_YIELD_GROUP,PRODUCT_COMBINATION,DAYS_FIRST_DRAWING,DAYS_FIRST_DUE,DAYS_LAST_DUE_1ST_VERSION,DAYS_LAST_DUE,DAYS_TERMINATION,NFLAG_INSURED_ON_APPROVAL
2119868,154747,Consumer loans,3330.135,16195.5,16195.5,0.0,16195.5,WEDNESDAY,17,Y,1,0.0,,,XAP,Approved,-38,Cash through the bank,XAP,,Repeater,Mobile,POS,XNA,Stone,120,Consumer electronics,6.0,high,POS household with interest,365243.0,365243.0,154.0,365243.0,365243.0,0.0
2364012,131286,Cash loans,39461.445,612000.0,660469.5,,612000.0,SATURDAY,11,Y,1,,,,XNA,Approved,-289,Cash through the bank,XAP,Family,Repeater,XNA,Cash,x-sell,Credit and cash offices,0,XNA,24.0,middle,Cash X-Sell: middle,,,,,,
2197430,170148,Cash loans,15083.64,148500.0,222966.0,,148500.0,WEDNESDAY,14,Y,1,,,,Urgent needs,Refused,-548,Cash through the bank,HC,,Repeater,XNA,Cash,walk-in,Credit and cash offices,-1,XNA,36.0,high,Cash Street: high,,,,,,
1312239,407315,Consumer loans,6038.415,33255.0,30177.0,4500.0,33255.0,WEDNESDAY,8,Y,1,0.1413302503362196,,,XAP,Approved,-2425,Cash through the bank,XAP,Unaccompanied,Repeater,Mobile,POS,XNA,Stone,60,Consumer electronics,6.0,high,POS household with interest,365243.0,-2394.0,-2244.0,-2304.0,-2302.0,0.0
1095389,279940,Cash loans,,0.0,0.0,,,SATURDAY,13,Y,1,,,,XNA,Canceled,-229,XNA,XAP,,Repeater,XNA,XNA,XNA,Credit and cash offices,-1,XNA,,XNA,Cash,,,,,,
2205689,208312,Cash loans,,0.0,0.0,,,TUESDAY,13,Y,1,,,,XNA,Canceled,-317,XNA,XAP,,Repeater,XNA,XNA,XNA,Credit and cash offices,-1,XNA,,XNA,Cash,,,,,,
2296818,170148,Cash loans,,0.0,0.0,,,SATURDAY,12,Y,1,,,,XNA,Canceled,-524,XNA,XAP,,Repeater,XNA,XNA,XNA,Credit and cash offices,-1,XNA,,XNA,Cash,,,,,,
2532567,208312,Cash loans,32467.5,450000.0,450000.0,,450000.0,FRIDAY,10,Y,1,,,,XNA,Approved,-1658,Cash through the bank,XAP,"Spouse, partner",Repeater,XNA,Cash,x-sell,Credit and cash offices,0,XNA,18.0,middle,Cash X-Sell: middle,365243.0,-1628.0,-1118.0,-1408.0,-1404.0,0.0
1569218,131286,Consumer loans,4175.505,32849.73,32490.0,3284.73,32849.73,WEDNESDAY,13,Y,1,0.0999971091834426,,,XAP,Approved,-1629,Cash through the bank,XAP,"Spouse, partner",New,Mobile,POS,XNA,Country-wide,2850,Consumer electronics,12.0,high,POS household with interest,365243.0,-1598.0,-1268.0,-1268.0,-1261.0,0.0
1653718,402376,Cash loans,,0.0,0.0,,,TUESDAY,13,Y,1,,,,XNA,Canceled,-393,XNA,XAP,,Repeater,XNA,XNA,XNA,Credit and cash offices,0,XNA,,XNA,Cash,,,,,,
2356293,448125,Revolving loans,5625.0,0.0,112500.0,,,MONDAY,10,Y,1,,,,XAP,Approved,-2628,XNA,XAP,,Repeater,XNA,Cards,x-sell,Contact center,-1,XNA,0.0,XNA,Card Street,-2602.0,-2539.0,365243.0,-1139.0,365243.0,0.0
1949641,304977,Cash loans,20180.7,765000.0,765000.0,,765000.0,SATURDAY,10,Y,1,,,,XNA,Approved,-488,Cash through the bank,XAP,Unaccompanied,Repeater,XNA,Cash,x-sell,Credit and cash offices,-1,XNA,60.0,low_action,Cash X-Sell: low,365243.0,-458.0,1312.0,365243.0,365243.0,0.0
2510776,264627,Cash loans,53125.11,1800000.0,2013840.0,,1800000.0,THURSDAY,15,Y,1,,,,XNA,Refused,-1156,Cash through the bank,SCO,Unaccompanied,Repeater,XNA,Cash,walk-in,Credit and cash offices,-1,XNA,60.0,low_action,Cash Street: low,,,,,,
1934475,264627,Cash loans,45205.605,1350000.0,1546020.0,,1350000.0,MONDAY,11,Y,1,,,,XNA,Refused,-1152,Cash through the bank,HC,Unaccompanied,Repeater,XNA,Cash,walk-in,Credit and cash offices,-1,XNA,60.0,low_normal,Cash Street: low,,,,,,
2679374,131286,Cash loans,,0.0,0.0,,,SATURDAY,11,Y,1,,,,XNA,Canceled,-289,XNA,XAP,,Repeater,XNA,XNA,XNA,Credit and cash offices,0,XNA,,XNA,Cash,,,,,,
1914311,170148,Cash loans,,0.0,0.0,,,WEDNESDAY,14,Y,1,,,,XNA,Canceled,-548,XNA,XAP,,Repeater,XNA,XNA,XNA,Credit and cash offices,-1,XNA,,XNA,Cash,,,,,,
1233744,124316,Consumer loans,11325.375,113265.0,101938.5,11326.5,113265.0,WEDNESDAY,12,Y,1,0.1089090909090909,,,XAP,Approved,-2836,Cash through the bank,XAP,Unaccompanied,New,Consumer Electronics,POS,XNA,Stone,405,Consumer electronics,10.0,low_normal,POS household without interest,365243.0,-2804.0,-2534.0,-2534.0,-2524.0,0.0
1136960,279940,Cash loans,,0.0,0.0,,,THURSDAY,15,Y,1,,,,XNA,Canceled,-196,XNA,XAP,,Repeater,XNA,XNA,XNA,Credit and cash offices,-1,XNA,,XNA,Cash,,,,,,
2734979,271368,Cash loans,,0.0,0.0,,,WEDNESDAY,8,Y,1,,,,XNA,Canceled,-348,XNA,XAP,,Repeater,XNA,XNA,XNA,Credit and cash offices,-1,XNA,,XNA,Cash,,,,,,
2745251,398163,Cash loans,25710.75,675000.0,675000.0,,675000.0,TUESDAY,15,Y,1,,,,XNA,Approved,-147,Cash through the bank,XAP,Unaccompanied,Repeater,XNA,Cash,x-sell,Credit and cash offices,-1,XNA,36.0,low_normal,Cash X-Sell: low,365243.0,-116.0,934.0,365243.0,365243.0,0.0
2714853,285282,Consumer loans,4526.19,49059.0,44149.5,4909.5,49059.0,THURSDAY,11,Y,1,0.1089890095228565,,,XAP,Approved,-777,XNA,XAP,,New,Construction Materials,POS,XNA,Stone,25,Construction,12.0,middle,POS industry with interest,365243.0,-742.0,-412.0,-592.0,-585.0,0.0
1886245,398163,Cash loans,,0.0,0.0,,,WEDNESDAY,15,Y,1,,,,XNA,Canceled,-244,XNA,XAP,,Repeater,XNA,XNA,XNA,Channel of corporate sales,-1,XNA,,XNA,Cash,,,,,,
1809431,339954,Cash loans,,0.0,0.0,,,THURSDAY,16,Y,1,,,,XNA,Canceled,-244,XNA,XAP,,Repeater,XNA,XNA,XNA,Credit and cash offices,-1,XNA,,XNA,Cash,,,,,,
1403094,131286,Revolving loans,,0.0,0.0,,,SUNDAY,13,Y,1,,,,XAP,Canceled,-463,XNA,XAP,,Repeater,XNA,XNA,XNA,Credit and cash offices,0,XNA,,XNA,Card Street,,,,,,
1387661,154747,Consumer loans,12956.49,115330.14,128646.0,4.14,115330.14,SATURDAY,15,Y,1,3.504727133321707e-05,,,XAP,Approved,-1757,Cash through the bank,XAP,"Spouse, partner",New,Audio/Video,POS,XNA,Country-wide,180,Consumer electronics,14.0,high,POS household with interest,365243.0,-1726.0,-1336.0,-1336.0,-1329.0,0.0
2120696,131421,Consumer loans,8978.715,79200.0,79200.0,0.0,79200.0,MONDAY,10,Y,1,0.0,,,XAP,Approved,-219,XNA,XAP,,Repeater,Auto Accessories,POS,XNA,Stone,12,Auto technology,10.0,low_normal,POS other with interest,365243.0,-187.0,83.0,365243.0,365243.0,0.0
1664589,396041,Consumer loans,2216.925,21181.5,17986.5,4815.0,21181.5,SATURDAY,11,Y,1,0.2299836733229273,,,XAP,Approved,-2182,Cash through the bank,XAP,Unaccompanied,New,Mobile,POS,XNA,Country-wide,50,Connectivity,12.0,high,POS mobile with interest,365243.0,-2149.0,-1819.0,-1819.0,-1796.0,0.0
1252900,280342,Cash loans,,0.0,0.0,,,THURSDAY,16,Y,1,,,,XNA,Canceled,-575,XNA,XAP,,Repeater,XNA,XNA,XNA,Credit and cash offices,-1,XNA,,XNA,Cash,,,,,,
1440513,304977,Consumer loans,6709.545,124182.0,148770.0,0.0,124182.0,WEDNESDAY,13,Y,1,0.0,,,XAP,Approved,-1576,Cash through the bank,XAP,Children,New,Computers,POS,XNA,Country-wide,3000,Consumer electronics,24.0,low_action,POS household without interest,365243.0,-1545.0,-855.0,-855.0,-850.0,0.0
2534958,126707,Revolving loans,,0.0,0.0,,,MONDAY,13,Y,1,,,,XAP,Canceled,-491,XNA,XAP,,Repeater,XNA,XNA,XNA,Credit and cash offices,-1,XNA,,XNA,Card Street,,,,,,
2228785,126707,Cash loans,9417.285,126000.0,142632.0,,126000.0,SUNDAY,14,Y,1,,,,XNA,Approved,-317,Cash through the bank,XAP,Family,Repeater,XNA,Cash,x-sell,Credit and cash offices,-1,XNA,24.0,middle,Cash X-Sell: middle,365243.0,-287.0,403.0,365243.0,365243.0,1.0
1772977,407315,Revolving loans,22500.0,0.0,450000.0,,,SUNDAY,9,Y,1,,,,XAP,Approved,-1294,XNA,XAP,,Repeater,XNA,Cards,x-sell,AP+ (Cash loan),5,XNA,0.0,XNA,Card X-Sell,-1260.0,-1222.0,365243.0,-613.0,365243.0,0.0
2250240,126707,Consumer loans,,220036.5,220036.5,,220036.5,TUESDAY,11,Y,1,,,,XAP,Unused offer,-1169,Cash through the bank,CLIENT,Family,New,Audio/Video,XNA,XNA,Country-wide,2078,Consumer electronics,,XNA,POS household with interest,,,,,,
2531066,317249,Cash loans,,0.0,0.0,,,THURSDAY,11,Y,1,,,,XNA,Canceled,-160,XNA,XAP,,Repeater,XNA,XNA,XNA,Credit and cash offices,-1,XNA,,XNA,Cash,,,,,,
2617457,213818,Consumer loans,10561.14,96106.5,96106.5,0.0,96106.5,SUNDAY,10,Y,1,0.0,,,XAP,Approved,-858,Cash through the bank,XAP,,Refreshed,Mobile,POS,XNA,Country-wide,20,Connectivity,10.0,low_normal,POS mobile without interest,365243.0,-815.0,-545.0,-545.0,-543.0,0.0
2415901,279940,Consumer loans,13716.675,147279.24,127242.0,31498.74,147279.24,SATURDAY,14,Y,1,0.2161070395779822,,,XAP,Approved,-2224,Cash through the bank,XAP,Family,New,Computers,POS,XNA,Country-wide,2500,Consumer electronics,12.0,middle,POS household with interest,365243.0,-2191.0,-1861.0,-1861.0,-1859.0,0.0
2046129,407315,Cash loans,14379.3,117000.0,117000.0,,117000.0,MONDAY,6,Y,1,,,,XNA,Approved,-2889,XNA,XAP,,Refreshed,XNA,Cash,x-sell,Country-wide,-1,Consumer electronics,10.0,middle,Cash Street: middle,365243.0,-2859.0,-2589.0,-2589.0,-2582.0,0.0
1543763,293971,Cash loans,16708.59,270000.0,299223.0,,270000.0,TUESDAY,19,Y,1,,,,XNA,Approved,-724,Cash through the bank,XAP,,Repeater,XNA,Cash,x-sell,Credit and cash offices,-1,XNA,24.0,low_normal,Cash X-Sell: low,365243.0,-694.0,-4.0,-4.0,365243.0,1.0
1955771,317249,Cash loans,28330.65,297000.0,297000.0,,297000.0,THURSDAY,11,Y,1,,,,XNA,Approved,-160,Cash through the bank,XAP,Other_B,Repeater,XNA,Cash,x-sell,Credit and cash offices,-1,XNA,12.0,low_normal,Cash X-Sell: low,365243.0,-130.0,200.0,-10.0,-3.0,0.0
2423644,126707,Cash loans,,0.0,0.0,,,SUNDAY,14,Y,1,,,,XNA,Canceled,-317,XNA,XAP,,Repeater,XNA,XNA,XNA,Credit and cash offices,-1,XNA,,XNA,Cash,,,,,,
1150047,353814,Revolving loans,13500.0,0.0,270000.0,,,WEDNESDAY,15,Y,1,,,,XAP,Approved,-1079,XNA,XAP,,Repeater,XNA,Cards,x-sell,Credit and cash offices,-1,XNA,0.0,XNA,Card X-Sell,365243.0,365243.0,365243.0,365243.0,365243.0,0.0
2067832,131286,Revolving loans,,0.0,0.0,,,TUESDAY,16,Y,1,,,,XAP,Canceled,-461,XNA,XAP,,Repeater,XNA,XNA,XNA,Credit and cash offices,0,XNA,,XNA,Card Street,,,,,,
2587763,325817,Cash loans,22289.985,360000.0,481009.5,,360000.0,MONDAY,12,Y,1,,,,Urgent needs,Refused,-516,Cash through the bank,SCO,Unaccompanied,Repeater,XNA,Cash,walk-in,Credit and cash offices,-1,XNA,36.0,middle,Cash Street: middle,,,,,,
1456702,280342,Cash loans,31206.465,454500.0,558855.0,,454500.0,THURSDAY,16,Y,1,,,,XNA,Approved,-576,Cash through the bank,XAP,,Repeater,XNA,Cash,x-sell,Credit and cash offices,-1,XNA,24.0,low_normal,Cash X-Sell: low,365243.0,-546.0,144.0,365243.0,365243.0,1.0
2526101,339954,Consumer loans,3339.36,66240.0,73732.5,0.0,66240.0,THURSDAY,17,Y,1,0.0,,,XAP,Approved,-1021,Cash through the bank,XAP,Family,Repeater,Photo / Cinema Equipment,POS,XNA,Country-wide,3102,Consumer electronics,24.0,low_action,POS household without interest,,,,,,
1726267,131286,Consumer loans,,32849.73,32849.73,,32849.73,TUESDAY,16,Y,1,,,,XAP,Unused offer,-1630,Cash through the bank,CLIENT,"Spouse, partner",New,Mobile,XNA,XNA,Country-wide,2850,Consumer electronics,,XNA,POS household with interest,,,,,,
2591395,154747,Cash loans,22206.375,697500.0,697500.0,,697500.0,SUNDAY,12,Y,1,,,,Buying a home,Refused,-300,Cash through the bank,HC,Unaccompanied,Repeater,XNA,Cash,walk-in,Credit and cash offices,-1,XNA,60.0,low_normal,Cash Street: low,,,,,,
2750754,170148,Cash loans,,0.0,0.0,,,WEDNESDAY,7,Y,1,,,,XNA,Canceled,-562,XNA,XAP,,Repeater,XNA,XNA,XNA,Credit and cash offices,-1,XNA,,XNA,Cash,,,,,,
1001554,396041,Consumer loans,8067.195,178123.5,178123.5,0.0,178123.5,SATURDAY,17,Y,1,0.0,,,XAP,Approved,-579,Cash through the bank,XAP,,Refreshed,Furniture,POS,XNA,Country-wide,120,Furniture,24.0,low_action,POS industry without interest,365243.0,-548.0,142.0,-8.0,-4.0,0.0
2609640,249909,Consumer loans,5907.735,31761.0,33439.5,0.0,31761.0,WEDNESDAY,15,Y,1,0.0,,,XAP,Approved,-936,XNA,XAP,Unaccompanied,New,Homewares,POS,XNA,Stone,25,Construction,6.0,low_normal,POS industry with interest,365243.0,-904.0,-754.0,-754.0,-750.0,0.0
1923682,238850,Cash loans,9842.4,90000.0,90000.0,0.0,90000.0,THURSDAY,12,Y,1,0.0,,,XNA,Approved,-2462,Cash through the bank,XAP,,Repeater,XNA,Cash,x-sell,Country-wide,-1,Consumer electronics,12.0,high,Cash Street: high,365243.0,-2432.0,-2102.0,-2102.0,-2095.0,0.0
1843885,182501,Consumer loans,18070.245,93825.0,88623.0,9382.5,93825.0,THURSDAY,16,Y,1,0.1042634898505232,,,XAP,Approved,-1420,Cash through the bank,XAP,Children,Refreshed,Computers,POS,XNA,Country-wide,50,Connectivity,6.0,high,POS mobile with interest,365243.0,-1389.0,-1239.0,-1239.0,-1234.0,0.0
1281172,131286,Consumer loans,10498.545,50481.0,54477.0,0.0,50481.0,THURSDAY,15,Y,1,0.0,,,XAP,Approved,-242,Cash through the bank,XAP,Unaccompanied,Repeater,Photo / Cinema Equipment,POS,XNA,Country-wide,1099,Consumer electronics,6.0,middle,POS household with interest,365243.0,-211.0,-61.0,-61.0,-50.0,1.0
2230605,126707,Cash loans,,0.0,0.0,,,FRIDAY,16,Y,1,,,,XNA,Canceled,-25,XNA,XAP,,Repeater,XNA,XNA,XNA,Credit and cash offices,-1,XNA,,XNA,Cash,,,,,,
1289961,264627,Cash loans,20376.0,450000.0,450000.0,,450000.0,TUESDAY,13,Y,1,,,,XNA,Approved,-1578,Cash through the bank,XAP,Unaccompanied,Repeater,XNA,Cash,x-sell,Credit and cash offices,-1,XNA,48.0,middle,Cash X-Sell: middle,365243.0,-1548.0,-138.0,-1158.0,-1152.0,0.0
1637580,304977,Cash loans,23742.0,900000.0,900000.0,,900000.0,FRIDAY,12,Y,1,,,,XNA,Canceled,-488,XNA,XAP,Unaccompanied,Repeater,XNA,Cash,x-sell,Contact center,-1,XNA,60.0,low_action,Cash X-Sell: low,,,,,,
2375539,325817,Cash loans,,0.0,0.0,,,MONDAY,10,Y,1,,,,XNA,Canceled,-516,XNA,XAP,,Repeater,XNA,XNA,XNA,Credit and cash offices,-1,XNA,,XNA,Cash,,,,,,
1362500,238850,Cash loans,16267.905,198000.0,217602.0,,198000.0,FRIDAY,9,Y,1,,,,XNA,Approved,-1306,Cash through the bank,XAP,,Repeater,XNA,Cash,x-sell,Country-wide,-1,XNA,18.0,middle,Cash X-Sell: middle,365243.0,-1276.0,-766.0,-766.0,-758.0,1.0
2746536,320940,Consumer loans,4553.505,36787.5,36373.5,3690.0,36787.5,TUESDAY,13,Y,1,0.1003093951987583,,,XAP,Approved,-2199,Cash through the bank,XAP,Children,New,Mobile,POS,XNA,Stone,35,Connectivity,12.0,high,POS mobile with interest,365243.0,-2168.0,-1838.0,-1928.0,-1921.0,0.0
1016527,261500,Consumer loans,12532.59,241875.0,289768.5,0.0,241875.0,WEDNESDAY,11,Y,1,0.0,,,XAP,Approved,-966,Cash through the bank,XAP,Family,New,Construction Materials,POS,XNA,Stone,20,Construction,36.0,middle,POS industry with interest,365243.0,-935.0,115.0,365243.0,365243.0,0.0
1718301,138820,Consumer loans,5712.885,47025.0,52609.5,0.0,47025.0,TUESDAY,15,Y,1,0.0,,,XAP,Approved,-232,Cash through the bank,XAP,Family,New,Mobile,POS,XNA,Country-wide,200,Consumer electronics,12.0,middle,POS mobile with interest,365243.0,-201.0,129.0,365243.0,365243.0,0.0
1043097,261500,Cash loans,11895.885,135000.0,148365.0,,135000.0,FRIDAY,9,Y,1,,,,XNA,Approved,-754,Cash through the bank,XAP,,Repeater,XNA,Cash,x-sell,Credit and cash offices,-1,XNA,18.0,middle,Cash X-Sell: middle,365243.0,-724.0,-214.0,-214.0,-206.0,1.0
1799505,283065,Consumer loans,8770.77,45855.0,48276.0,0.0,45855.0,FRIDAY,17,Y,1,0.0,,,XAP,Approved,-806,Cash through the bank,XAP,,New,Consumer Electronics,POS,XNA,Stone,750,Consumer electronics,6.0,middle,POS household with interest,365243.0,-775.0,-625.0,-625.0,-622.0,0.0
1963907,344176,Revolving loans,6750.0,135000.0,135000.0,,135000.0,SATURDAY,10,Y,1,,,,XAP,Approved,-100,XNA,XAP,Unaccompanied,Repeater,XNA,Cards,x-sell,Credit and cash offices,-1,XNA,0.0,XNA,Card X-Sell,365243.0,365243.0,365243.0,365243.0,365243.0,0.0
1497940,304977,Cash loans,,0.0,0.0,,,SATURDAY,10,Y,1,,,,XNA,Canceled,-488,XNA,XAP,,Repeater,XNA,XNA,XNA,Credit and cash offices,-1,XNA,,XNA,Cash,,,,,,
1259191,320940,Consumer loans,9890.865,95849.865,105966.0,4.365,95849.865,TUESDAY,18,Y,1,4.4860483571815736e-05,,,XAP,Approved,-1072,Cash through the bank,XAP,Family,Repeater,Consumer Electronics,POS,XNA,Country-wide,180,Consumer electronics,12.0,low_normal,POS household with interest,365243.0,-1041.0,-711.0,-1041.0,-1032.0,0.0
1168030,398163,Revolving loans,6750.0,135000.0,135000.0,,135000.0,MONDAY,9,Y,1,,,,XAP,Refused,-148,XNA,HC,Unaccompanied,Repeater,XNA,Cards,walk-in,Channel of corporate sales,-1,XNA,0.0,XNA,Card Street,,,,,,
1153736,402376,Revolving loans,18000.0,0.0,360000.0,,,FRIDAY,13,Y,1,,,,XAP,Approved,-761,XNA,XAP,,Repeater,XNA,Cards,x-sell,Credit and cash offices,0,XNA,0.0,XNA,Card X-Sell,-757.0,-710.0,365243.0,365243.0,365243.0,0.0
2251459,436323,Consumer loans,4941.0,39582.9,43502.4,0.0,39582.9,MONDAY,12,Y,1,0.0,,,XAP,Approved,-387,Cash through the bank,XAP,,New,Mobile,POS,XNA,Country-wide,46,Connectivity,10.0,low_normal,POS mobile without interest,365243.0,-341.0,-71.0,-71.0,-66.0,0.0
1025450,293971,Consumer loans,4123.17,91039.5,91039.5,0.0,91039.5,WEDNESDAY,11,Y,1,0.0,,,XAP,Approved,-373,Cash through the bank,XAP,Unaccompanied,Repeater,Mobile,POS,XNA,Country-wide,100,Consumer electronics,24.0,low_action,POS household without interest,365243.0,-343.0,347.0,365243.0,365243.0,0.0
1439813,402376,Cash loans,30640.41,279000.0,308461.5,,279000.0,FRIDAY,11,Y,1,,,,XNA,Approved,-383,Cash through the bank,XAP,Unaccompanied,Repeater,XNA,Cash,x-sell,Credit and cash offices,0,XNA,12.0,middle,Cash X-Sell: middle,365243.0,-353.0,-23.0,-23.0,-17.0,1.0
1308129,238850,Cash loans,13938.84,139500.0,139500.0,,139500.0,THURSDAY,10,Y,1,,,,XNA,Approved,-1741,Cash through the bank,XAP,,Repeater,XNA,Cash,x-sell,Country-wide,-1,Consumer electronics,12.0,middle,Cash X-Sell: middle,365243.0,-1711.0,-1381.0,-1381.0,-1374.0,0.0
2713945,125093,Consumer loans,3237.705,29790.0,25798.5,5958.0,29790.0,WEDNESDAY,12,Y,1,0.2043299367488116,,,XAP,Approved,-1483,Cash through the bank,XAP,Unaccompanied,Refreshed,Mobile,POS,XNA,Country-wide,45,Connectivity,10.0,high,POS mobile with interest,365243.0,-1452.0,-1182.0,-1362.0,-1353.0,0.0
1060675,398163,Consumer loans,10810.08,46795.5,51943.5,0.0,46795.5,FRIDAY,18,Y,1,0.0,,,XAP,Approved,-1614,Cash through the bank,XAP,"Spouse, partner",Repeater,Consumer Electronics,POS,XNA,Country-wide,2000,Consumer electronics,6.0,high,POS household with interest,365243.0,-1583.0,-1433.0,-1493.0,-1485.0,0.0
1240172,344176,Consumer loans,14654.745,153859.5,167062.5,0.0,153859.5,SATURDAY,7,Y,1,0.0,,,XAP,Approved,-632,XNA,XAP,Unaccompanied,Repeater,Computers,POS,XNA,Regional / Local,516,Consumer electronics,12.0,low_action,POS household without interest,365243.0,-600.0,-270.0,-270.0,-267.0,0.0
2802546,304977,Cash loans,,0.0,0.0,,,SATURDAY,10,Y,1,,,,XNA,Refused,-488,XNA,HC,,Repeater,XNA,XNA,XNA,Credit and cash offices,-1,XNA,,XNA,Cash,,,,,,
1973769,126707,Consumer loans,9193.185,108652.5,125865.0,0.0,108652.5,SUNDAY,14,Y,1,0.0,,,XAP,Approved,-786,Cash through the bank,XAP,,Repeater,Computers,POS,XNA,Country-wide,2078,Consumer electronics,18.0,middle,POS household with interest,365243.0,-755.0,-245.0,-485.0,-478.0,0.0
1970129,280342,Cash loans,52623.0,900000.0,900000.0,,900000.0,THURSDAY,12,Y,1,,,,XNA,Approved,-1486,Cash through the bank,XAP,Unaccompanied,Repeater,XNA,Cash,x-sell,Credit and cash offices,-1,XNA,24.0,middle,Cash X-Sell: middle,365243.0,-1456.0,-766.0,-783.0,-776.0,0.0
2052561,213493,Consumer loans,8636.49,228600.0,228600.0,0.0,228600.0,SATURDAY,8,Y,1,0.0,,,XAP,Refused,-742,XNA,LIMIT,,Repeater,Construction Materials,POS,XNA,Stone,60,Construction,36.0,low_normal,POS industry with interest,,,,,,
1702115,264627,Cash loans,46484.46,1575000.0,1762110.0,,1575000.0,MONDAY,10,Y,1,,,,XNA,Refused,-1152,Cash through the bank,HC,Unaccompanied,Repeater,XNA,Cash,walk-in,Credit and cash offices,-1,XNA,60.0,low_action,Cash Street: low,,,,,,
1668925,317249,Cash loans,34848.0,450000.0,481185.0,,450000.0,TUESDAY,12,Y,1,,,,XNA,Approved,-1387,Cash through the bank,XAP,Unaccompanied,Repeater,XNA,Cash,x-sell,Credit and cash offices,0,XNA,18.0,middle,Cash X-Sell: middle,365243.0,-1357.0,-847.0,-1117.0,-1109.0,1.0
1363939,280342,Consumer loans,9164.7,112500.0,76500.0,36000.0,112500.0,FRIDAY,10,Y,1,0.3485090909090909,,,XAP,Approved,-1912,Cash through the bank,XAP,Family,Repeater,Clothing and Accessories,POS,XNA,Regional / Local,830,Clothing,10.0,middle,POS industry with interest,365243.0,-1881.0,-1611.0,-1791.0,-1784.0,0.0
1750867,208312,Cash loans,17887.5,225000.0,225000.0,0.0,225000.0,TUESDAY,10,Y,1,0.0,,,XNA,Refused,-2431,Cash through the bank,HC,Unaccompanied,Repeater,XNA,Cash,x-sell,Credit and cash offices,-1,XNA,18.0,middle,Cash Street: middle,,,,,,
1141140,126707,Revolving loans,,0.0,0.0,,,THURSDAY,18,Y,1,,,,XAP,Canceled,-404,XNA,XAP,,Repeater,XNA,XNA,XNA,Credit and cash offices,-1,XNA,,XNA,Card Street,,,,,,
1489539,126707,Revolving loans,4500.0,90000.0,90000.0,,90000.0,THURSDAY,18,Y,1,,,,XAP,Approved,-404,XNA,XAP,Unaccompanied,Repeater,XNA,Cards,x-sell,Credit and cash offices,-1,XNA,0.0,XNA,Card X-Sell,-396.0,365243.0,365243.0,365243.0,-187.0,0.0
2711233,396041,Cash loans,,0.0,0.0,,,TUESDAY,15,Y,1,,,,XNA,Canceled,-177,XNA,XAP,,Repeater,XNA,XNA,XNA,Credit and cash offices,-1,XNA,,XNA,Cash,,,,,,
1237338,407315,Consumer loans,13207.275,137398.5,148279.5,0.0,137398.5,SATURDAY,16,Y,1,0.0,,,XAP,Approved,-245,Cash through the bank,XAP,Unaccompanied,Repeater,Clothing and Accessories,POS,XNA,Regional / Local,276,Clothing,12.0,low_action,POS industry without interest,365243.0,-215.0,115.0,365243.0,365243.0,1.0
2457875,353814,Cash loans,10945.17,247500.0,301077.0,,247500.0,WEDNESDAY,14,Y,1,,,,XNA,Approved,-1079,Cash through the bank,XAP,Children,Repeater,XNA,Cash,x-sell,Credit and cash offices,-1,XNA,48.0,low_normal,Cash X-Sell: low,365243.0,-1049.0,361.0,365243.0,365243.0,1.0
1344213,325817,Cash loans,,0.0,0.0,,,MONDAY,11,Y,1,,,,XNA,Canceled,-516,XNA,XAP,,Repeater,XNA,XNA,XNA,Credit and cash offices,-1,XNA,,XNA,Cash,,,,,,
2529839,154747,Cash loans,,0.0,0.0,,,SATURDAY,11,Y,1,,,,XNA,Canceled,-301,XNA,XAP,,Repeater,XNA,XNA,XNA,Credit and cash offices,-1,XNA,,XNA,Cash,,,,,,
2047464,280342,Consumer loans,9369.045,93726.0,84330.0,9396.0,93726.0,SUNDAY,10,Y,1,0.1091809976081148,,,XAP,Refused,-2764,Cash through the bank,SCO,Family,Repeater,XNA,POS,XNA,Country-wide,496,Consumer electronics,10.0,low_normal,POS household without interest,,,,,,
2195719,398163,Cash loans,13179.285,135000.0,143910.0,,135000.0,WEDNESDAY,14,Y,1,,,,Other,Refused,-334,Cash through the bank,VERIF,Unaccompanied,Repeater,XNA,Cash,walk-in,Channel of corporate sales,-1,XNA,12.0,low_action,Cash Street: low,,,,,,
1538723,407315,Cash loans,20869.65,540000.0,646920.0,,540000.0,TUESDAY,16,Y,1,,,,XNA,Approved,-655,Cash through the bank,XAP,,Repeater,XNA,Cash,x-sell,Credit and cash offices,-1,XNA,60.0,low_normal,Cash X-Sell: low,365243.0,-625.0,1145.0,-205.0,-202.0,1.0
2383945,320940,Consumer loans,14459.625,69614.91,78237.0,4.41,69614.91,MONDAY,11,Y,1,6.138553624085899e-05,,,XAP,Approved,-163,Cash through the bank,XAP,Unaccompanied,Repeater,Consumer Electronics,POS,XNA,Regional / Local,800,Consumer electronics,6.0,middle,POS household without interest,365243.0,-133.0,17.0,365243.0,365243.0,1.0
1915800,124316,Consumer loans,4388.175,38016.0,37602.0,3802.5,38016.0,TUESDAY,9,Y,1,0.1000197606979478,,,XAP,Approved,-2564,Cash through the bank,XAP,Unaccompanied,Repeater,Mobile,POS,XNA,Stone,30,Connectivity,12.0,high,POS mobile with interest,365243.0,-2519.0,-2189.0,-2189.0,-2181.0,1.0
1115395,285282,Consumer loans,2337.705,23161.5,23161.5,0.0,23161.5,SATURDAY,16,Y,1,0.0,,,XAP,Refused,-341,Cash through the bank,XNA,,Repeater,Computers,POS,XNA,Country-wide,35,Connectivity,12.0,middle,POS mobile with interest,,,,,,
2721492,208312,Consumer loans,6440.445,55795.5,55188.0,5580.0,55795.5,SATURDAY,14,Y,1,0.1000053856096509,,,XAP,Approved,-2707,Cash through the bank,XAP,Family,Refreshed,Mobile,POS,XNA,Country-wide,35,Connectivity,12.0,low_normal,POS mobile with interest,365243.0,-2676.0,-2346.0,-2346.0,-2335.0,1.0
2181914,208312,Cash loans,26862.93,346500.0,370512.0,,346500.0,FRIDAY,11,Y,1,,,,XNA,Approved,-1245,Cash through the bank,XAP,"Spouse, partner",Repeater,XNA,Cash,x-sell,Credit and cash offices,0,XNA,18.0,middle,Cash X-Sell: middle,365243.0,-1215.0,-705.0,-795.0,-788.0,1.0
2216325,407315,Cash loans,7910.19,90000.0,111793.5,0.0,90000.0,MONDAY,11,Y,1,0.0,,,XNA,Approved,-1818,Cash through the bank,XAP,Unaccompanied,Repeater,XNA,Cash,x-sell,Credit and cash offices,-1,XNA,18.0,low_normal,Cash X-Sell: low,365243.0,-1788.0,-1278.0,-1458.0,-1447.0,1.0
1693282,325817,Cash loans,17079.255,135000.0,143910.0,,135000.0,SATURDAY,9,Y,1,,,,Urgent needs,Approved,-679,Cash through the bank,XAP,,New,XNA,Cash,walk-in,Credit and cash offices,-1,XNA,12.0,high,Cash Street: high,365243.0,-649.0,-319.0,-319.0,-314.0,1.0
1838151,154747,Cash loans,,0.0,0.0,,,SUNDAY,11,Y,1,,,,XNA,Canceled,-300,XNA,XAP,,Repeater,XNA,XNA,XNA,Credit and cash offices,-1,XNA,,XNA,Cash,,,,,,
2721890,154747,Cash loans,,0.0,0.0,,,WEDNESDAY,12,Y,1,,,,XNA,Canceled,-304,XNA,XAP,,Repeater,XNA,XNA,XNA,Credit and cash offices,-1,XNA,,XNA,Cash,,,,,,
1885167,344176,Consumer loans,10728.045,87210.0,99873.0,0.0,87210.0,SATURDAY,6,Y,1,0.0,,,XAP,Approved,-184,XNA,XAP,Unaccompanied,Repeater,Audio/Video,POS,XNA,Country-wide,170,Consumer electronics,12.0,middle,POS household with interest,365243.0,-152.0,178.0,365243.0,365243.0,0.0
2366806,304977,Consumer loans,16052.13,147132.0,159754.5,0.0,147132.0,SUNDAY,17,Y,1,0.0,,,XAP,Approved,-928,Cash through the bank,XAP,Unaccompanied,Repeater,Audio/Video,POS,XNA,Country-wide,3000,Consumer electronics,12.0,middle,POS household with interest,365243.0,-897.0,-567.0,-567.0,-564.0,0.0
2646516,293971,Consumer loans,12202.335,107415.0,107415.0,0.0,107415.0,THURSDAY,18,Y,1,0.0,,,XAP,Approved,-2010,Cash through the bank,XAP,Unaccompanied,Repeater,Consumer Electronics,POS,XNA,Country-wide,1900,Consumer electronics,10.0,low_normal,POS household without interest,365243.0,-1979.0,-1709.0,-1709.0,-1706.0,0.0
2002894,398163,Consumer loans,13108.59,109530.0,119169.0,0.0,109530.0,SUNDAY,17,Y,1,0.0,,,XAP,Approved,-702,Cash through the bank,XAP,,Refreshed,Consumer Electronics,POS,XNA,Stone,50,Consumer electronics,10.0,low_normal,POS household with interest,365243.0,-671.0,-401.0,-581.0,-576.0,0.0
1995429,317814,Consumer loans,4959.495,42966.0,42498.0,4297.5,42966.0,THURSDAY,13,Y,1,0.1000174841986554,,,XAP,Approved,-2752,Cash through the bank,XAP,Family,New,Mobile,POS,XNA,Country-wide,-1,Consumer electronics,12.0,high,POS household with interest,365243.0,-2721.0,-2391.0,-2391.0,-2385.0,1.0
2172418,304977,Cash loans,,0.0,0.0,,,FRIDAY,16,Y,1,,,,XNA,Canceled,-251,XNA,XAP,,Repeater,XNA,XNA,XNA,Credit and cash offices,-1,XNA,,XNA,Cash,,,,,,
2088662,131421,Consumer loans,9976.14,81000.0,88128.0,0.0,81000.0,SUNDAY,8,Y,1,0.0,,,XAP,Approved,-388,XNA,XAP,,New,Auto Accessories,POS,XNA,Stone,12,Auto technology,10.0,low_normal,POS other with interest,365243.0,-357.0,-87.0,-87.0,-80.0,0.0
1939561,126707,Cash loans,,0.0,0.0,,,WEDNESDAY,18,Y,1,,,,XNA,Canceled,-19,XNA,XAP,,Repeater,XNA,XNA,XNA,Credit and cash offices,-1,XNA,,XNA,Cash,,,,,,
1118765,125093,Cash loans,49626.0,900000.0,1101087.0,,900000.0,TUESDAY,14,Y,1,,,,XNA,Approved,-875,Cash through the bank,XAP,Unaccompanied,Repeater,XNA,Cash,x-sell,Credit and cash offices,-1,XNA,30.0,low_normal,Cash X-Sell: low,365243.0,-845.0,25.0,-635.0,-625.0,1.0
2819795,180741,Consumer loans,10258.965,93577.5,91165.5,9360.0,93577.5,THURSDAY,15,Y,1,0.1014060204534263,,,XAP,Approved,-1385,Cash through the bank,XAP,Family,New,Computers,POS,XNA,Regional / Local,140,Consumer electronics,10.0,low_normal,POS household with interest,365243.0,-1354.0,-1084.0,-1084.0,-1081.0,0.0
1145517,208312,Cash loans,22414.05,450000.0,533160.0,,450000.0,SATURDAY,11,Y,1,,,,Journey,Refused,-656,Cash through the bank,VERIF,,Repeater,XNA,Cash,walk-in,Credit and cash offices,-1,XNA,48.0,middle,Cash Street: middle,,,,,,
1065821,398163,Cash loans,19854.0,675000.0,675000.0,,675000.0,FRIDAY,9,Y,1,,,,XNA,Refused,-151,Cash through the bank,HC,Unaccompanied,Repeater,XNA,Cash,x-sell,Channel of corporate sales,-1,XNA,54.0,low_normal,Cash X-Sell: low,,,,,,
2611689,398163,Cash loans,25841.25,675000.0,675000.0,,675000.0,THURSDAY,16,Y,1,,,,XNA,Refused,-152,Cash through the bank,HC,Unaccompanied,Repeater,XNA,Cash,x-sell,Channel of corporate sales,-1,XNA,36.0,low_normal,Cash X-Sell: low,,,,,,
1941370,106937,Cash loans,28890.0,450000.0,450000.0,,450000.0,MONDAY,12,Y,1,,,,XNA,Approved,-154,XNA,XAP,Unaccompanied,Repeater,XNA,Cash,x-sell,Contact center,-1,XNA,24.0,middle,Cash X-Sell: middle,365243.0,-124.0,566.0,365243.0,365243.0,0.0
1328664,208312,Revolving loans,18000.0,360000.0,360000.0,,360000.0,TUESDAY,13,Y,1,,,,XAP,Approved,-317,XNA,XAP,"Spouse, partner",Repeater,XNA,Cards,x-sell,Credit and cash offices,-1,XNA,0.0,XNA,Card X-Sell,365243.0,365243.0,365243.0,365243.0,365243.0,0.0
2773494,280342,Consumer loans,5325.885,44010.0,45895.5,2250.0,44010.0,THURSDAY,13,Y,1,0.0508968552710958,,,XAP,Approved,-2088,Cash through the bank,XAP,Family,Repeater,Consumer Electronics,POS,XNA,Regional / Local,800,Consumer electronics,12.0,high,POS household with interest,365243.0,-2057.0,-1727.0,-1847.0,-1840.0,0.0
1414515,396041,Consumer loans,21365.55,214294.5,233248.5,0.0,214294.5,FRIDAY,14,Y,1,0.0,,,XAP,Approved,-1644,Cash through the bank,XAP,Family,Repeater,Consumer Electronics,POS,XNA,Regional / Local,140,Consumer electronics,12.0,low_action,POS household without interest,365243.0,-1613.0,-1283.0,-1433.0,-1424.0,0.0
1663899,208312,Cash loans,66516.21,1237500.0,1309374.0,,1237500.0,TUESDAY,12,Y,1,,,,XNA,Approved,-821,Cash through the bank,XAP,,Repeater,XNA,Cash,x-sell,Credit and cash offices,-1,XNA,24.0,low_action,Cash X-Sell: low,365243.0,-791.0,-101.0,-101.0,-95.0,1.0
2412474,299564,Consumer loans,56942.73,298183.5,268362.0,29821.5,298183.5,THURSDAY,16,Y,1,0.108920596027126,,,XAP,Approved,-1656,Cash through the bank,XAP,"Spouse, partner",Repeater,Clothing and Accessories,POS,XNA,Country-wide,376,Clothing,5.0,low_normal,POS industry without interest,365243.0,-1625.0,-1505.0,-1505.0,-1499.0,0.0
2724024,398163,Revolving loans,27000.0,540000.0,540000.0,,540000.0,WEDNESDAY,10,Y,1,,,,XAP,Refused,-62,XNA,HC,Unaccompanied,Repeater,XNA,Cards,walk-in,Channel of corporate sales,-1,XNA,0.0,XNA,Card Street,,,,,,
1178726,279940,Cash loans,31887.0,900000.0,900000.0,,900000.0,SUNDAY,9,Y,1,,,,XNA,Canceled,-144,XNA,XAP,Unaccompanied,Repeater,XNA,Cash,x-sell,Contact center,-1,XNA,60.0,middle,Cash X-Sell: middle,,,,,,
2782731,344176,Revolving loans,11250.0,225000.0,225000.0,,225000.0,TUESDAY,6,Y,1,,,,XAP,Refused,-790,XNA,SCOFR,,Repeater,XNA,Cards,walk-in,Credit and cash offices,-1,XNA,0.0,XNA,Card Street,,,,,,
1552369,325817,Cash loans,,0.0,0.0,,,MONDAY,11,Y,1,,,,XNA,Canceled,-516,XNA,XAP,,Repeater,XNA,XNA,XNA,Credit and cash offices,-1,XNA,,XNA,Cash,,,,,,
1190981,180741,Cash loans,,0.0,0.0,,,FRIDAY,9,Y,1,,,,XNA,Canceled,-572,XNA,XAP,,Repeater,XNA,XNA,XNA,Credit and cash offices,-1,XNA,,XNA,Cash,,,,,,
1460560,339954,Consumer loans,9715.86,75141.0,81751.5,0.0,75141.0,TUESDAY,13,Y,1,0.0,,,XAP,Approved,-1303,Cash through the bank,XAP,Family,New,Consumer Electronics,POS,XNA,Country-wide,3000,Consumer electronics,10.0,middle,POS household with interest,365243.0,-1272.0,-1002.0,-1002.0,-997.0,0.0
2164553,299564,Consumer loans,18412.605,166050.0,166050.0,0.0,166050.0,SATURDAY,11,Y,1,0.0,,,XAP,Approved,-1311,Cash through the bank,XAP,"Spouse, partner",Repeater,Clothing and Accessories,POS,XNA,Country-wide,148,Clothing,10.0,low_normal,POS industry with interest,365243.0,-1276.0,-1006.0,-1246.0,-1240.0,0.0
1785460,271368,Cash loans,26657.64,247500.0,273636.0,,247500.0,WEDNESDAY,8,Y,1,,,,XNA,Approved,-348,Cash through the bank,XAP,Unaccompanied,Repeater,XNA,Cash,x-sell,Credit and cash offices,-1,XNA,12.0,low_normal,Cash X-Sell: low,365243.0,-317.0,13.0,365243.0,365243.0,0.0
1758608,304977,Cash loans,,0.0,0.0,,,WEDNESDAY,9,Y,1,,,,XNA,Canceled,-183,XNA,XAP,,Repeater,XNA,XNA,XNA,Credit and cash offices,-1,XNA,,XNA,Cash,,,,,,
2541416,295711,Consumer loans,11476.26,175050.0,175050.0,0.0,175050.0,SUNDAY,19,Y,1,0.0,,,XAP,Approved,-601,Cash through the bank,XAP,,New,Medical Supplies,POS,XNA,Stone,100,Industry,18.0,low_normal,POS industry with interest,365243.0,-562.0,-52.0,-562.0,-559.0,0.0
2137045,106937,Consumer loans,6546.375,64659.78,71482.5,3.78,64659.78,MONDAY,19,Y,1,5.758816427940625e-05,,,XAP,Approved,-679,Cash through the bank,XAP,,New,Consumer Electronics,POS,XNA,Country-wide,1235,Consumer electronics,12.0,low_action,POS household without interest,365243.0,-648.0,-318.0,-468.0,-463.0,0.0
1320350,178610,Consumer loans,2962.71,22005.0,15826.5,8505.0,22005.0,SATURDAY,18,Y,1,0.3806883333053113,,,XAP,Approved,-2088,Cash through the bank,XAP,"Spouse, partner",New,Computers,POS,XNA,Country-wide,1765,Consumer electronics,6.0,middle,POS household with interest,365243.0,-2057.0,-1907.0,-1907.0,-1905.0,0.0
1992972,398163,Cash loans,,0.0,0.0,,,TUESDAY,15,Y,1,,,,XNA,Canceled,-147,XNA,XAP,,Repeater,XNA,XNA,XNA,Credit and cash offices,-1,XNA,,XNA,Cash,,,,,,
1626844,126707,Consumer loans,16207.065,220036.5,247059.0,0.0,220036.5,TUESDAY,11,Y,1,0.0,,,XAP,Refused,-1169,Cash through the bank,SCO,Family,New,Audio/Video,POS,XNA,Country-wide,2078,Consumer electronics,18.0,low_normal,POS household with interest,,,,,,
1110623,217493,Consumer loans,23601.6,133591.5,133591.5,0.0,133591.5,SATURDAY,15,Y,1,0.0,,,XAP,Approved,-565,Cash through the bank,XAP,,Refreshed,Furniture,POS,XNA,Regional / Local,50,Furniture,6.0,low_normal,POS industry with interest,365243.0,-530.0,-380.0,-380.0,-375.0,0.0
2284839,106937,Consumer loans,12144.42,133186.5,151938.0,0.0,133186.5,SATURDAY,13,Y,1,0.0,,,XAP,Canceled,-478,Cash through the bank,XAP,"Spouse, partner",Repeater,Audio/Video,POS,XNA,Country-wide,5000,Consumer electronics,16.0,middle,POS household with interest,,,,,,
1344172,317249,Cash loans,16413.705,180000.0,197820.0,0.0,180000.0,FRIDAY,16,Y,1,0.0,,,XNA,Approved,-2329,Cash through the bank,XAP,Unaccompanied,Repeater,XNA,Cash,x-sell,Credit and cash offices,-1,XNA,18.0,high,Cash Street: high,365243.0,-2299.0,-1789.0,-1849.0,-1844.0,1.0
1485615,238850,Cash loans,14791.005,180000.0,197820.0,,180000.0,THURSDAY,10,Y,1,,,,XNA,Approved,-733,Cash through the bank,XAP,,Repeater,XNA,Cash,x-sell,Credit and cash offices,-1,XNA,18.0,middle,Cash X-Sell: middle,365243.0,-703.0,-193.0,-403.0,-401.0,1.0
1734326,266499,Consumer loans,14036.49,122481.0,124717.5,9000.0,122481.0,WEDNESDAY,13,Y,1,0.0733024337264619,,,XAP,Refused,-1608,Cash through the bank,HC,Unaccompanied,Refreshed,Computers,POS,XNA,Country-wide,1200,Consumer electronics,12.0,high,POS household with interest,,,,,,
1091403,208312,Cash loans,17172.0,216000.0,216000.0,0.0,216000.0,TUESDAY,10,Y,1,0.0,,,XNA,Refused,-2431,Cash through the bank,HC,Unaccompanied,Repeater,XNA,Cash,x-sell,Credit and cash offices,-1,XNA,18.0,middle,Cash Street: middle,,,,,,
2803301,291513,Consumer loans,5597.01,127125.0,100125.0,27000.0,127125.0,SATURDAY,16,Y,1,0.2313113435237328,,,XAP,Approved,-2643,Cash through the bank,XAP,Unaccompanied,Repeater,Computers,POS,XNA,Stone,108,Consumer electronics,24.0,middle,POS household with interest,365243.0,-2606.0,-1916.0,-1946.0,-1942.0,0.0
1037207,180741,Cash loans,,0.0,0.0,,,THURSDAY,15,Y,1,,,,XNA,Canceled,-286,XNA,XAP,,Repeater,XNA,XNA,XNA,Credit and cash offices,-1,XNA,,XNA,Cash,,,,,,
2385306,154747,Cash loans,43443.0,1575000.0,1575000.0,,1575000.0,SATURDAY,12,Y,1,,,,Buying a home,Refused,-301,Cash through the bank,LIMIT,Unaccompanied,Repeater,XNA,Cash,walk-in,Credit and cash offices,-1,XNA,60.0,low_normal,Cash Street: low,,,,,,
1752409,320940,Consumer loans,5212.755,94063.5,112689.0,0.0,94063.5,SUNDAY,12,Y,1,0.0,,,XAP,Approved,-1550,Cash through the bank,XAP,Family,Repeater,Audio/Video,POS,XNA,Country-wide,1690,Consumer electronics,24.0,low_action,POS household without interest,365243.0,-1518.0,-828.0,-1038.0,-1032.0,0.0
1797936,279940,Revolving loans,4500.0,90000.0,90000.0,,90000.0,THURSDAY,15,Y,1,,,,XAP,Approved,-371,XNA,XAP,Unaccompanied,Refreshed,XNA,Cards,x-sell,Credit and cash offices,-1,XNA,0.0,XNA,Card X-Sell,365243.0,365243.0,365243.0,365243.0,-261.0,0.0
1953682,249909,Consumer loans,13767.12,129744.0,129744.0,0.0,129744.0,THURSDAY,18,Y,1,0.0,,,XAP,Approved,-340,Cash through the bank,XAP,Children,Repeater,Jewelry,POS,XNA,Country-wide,30,Jewelry,12.0,middle,POS other with interest,365243.0,-304.0,26.0,365243.0,365243.0,0.0
2030816,409076,Revolving loans,,0.0,0.0,,,SATURDAY,14,Y,1,,,,XAP,Canceled,-501,XNA,XAP,,Repeater,XNA,XNA,XNA,Credit and cash offices,-1,XNA,,XNA,Card Street,,,,,,
1399184,325817,Cash loans,,0.0,0.0,,,MONDAY,9,Y,1,,,,XNA,Canceled,-516,XNA,XAP,,Repeater,XNA,XNA,XNA,Credit and cash offices,-1,XNA,,XNA,Cash,,,,,,
1763859,126707,Cash loans,,0.0,0.0,,,TUESDAY,18,Y,1,,,,XNA,Canceled,-139,XNA,XAP,,Repeater,XNA,XNA,XNA,Contact center,-1,XNA,,XNA,Cash,,,,,,
2389481,304977,Cash loans,,0.0,0.0,,,WEDNESDAY,13,Y,1,,,,XNA,Canceled,-477,XNA,XAP,,Repeater,XNA,XNA,XNA,Credit and cash offices,-1,XNA,,XNA,Cash,,,,,,
1285018,317249,Consumer loans,5622.705,108760.32,108756.0,4.32,108760.32,MONDAY,20,Y,1,4.3259092353467966e-05,,,XAP,Approved,-1703,Cash through the bank,XAP,,Repeater,Audio/Video,POS,XNA,Country-wide,1235,Consumer electronics,24.0,low_normal,POS household with interest,365243.0,-1668.0,-978.0,-1368.0,-1361.0,0.0
2056361,264627,Consumer loans,5269.86,45157.5,45157.5,0.0,45157.5,FRIDAY,16,Y,1,0.0,,,XAP,Approved,-2513,Cash through the bank,XAP,Family,Repeater,Mobile,POS,XNA,Country-wide,32,Connectivity,12.0,high,POS mobile with interest,365243.0,-2482.0,-2152.0,-2152.0,-2147.0,0.0
1149000,398163,Cash loans,12001.5,450000.0,450000.0,,450000.0,WEDNESDAY,16,Y,1,,,,Journey,Refused,-244,Cash through the bank,XNA,Unaccompanied,Repeater,XNA,Cash,walk-in,Channel of corporate sales,-1,XNA,60.0,low_action,Cash Street: low,,,,,,
1254820,320940,Revolving loans,11250.0,225000.0,225000.0,,225000.0,MONDAY,11,Y,1,,,,XAP,Approved,-163,XNA,XAP,Unaccompanied,Repeater,XNA,Cards,x-sell,Regional / Local,800,Consumer electronics,0.0,XNA,Card X-Sell,365243.0,365243.0,365243.0,365243.0,365243.0,0.0
1748416,208312,Cash loans,52143.39,840735.765,889565.265,,840735.765,WEDNESDAY,10,Y,1,,,,XNA,Approved,-1408,Cash through the bank,XAP,Unaccompanied,Repeater,XNA,Cash,x-sell,Credit and cash offices,0,XNA,24.0,middle,Cash Street: middle,365243.0,-1378.0,-688.0,-808.0,-802.0,1.0
1403584,271368,Cash loans,29882.25,238500.0,263686.5,,238500.0,FRIDAY,11,Y,1,,,,XNA,Refused,-150,Cash through the bank,HC,Unaccompanied,Repeater,XNA,Cash,x-sell,Credit and cash offices,-1,XNA,12.0,high,Cash X-Sell: high,,,,,,
1952479,126707,Consumer loans,6835.995,60186.6,60186.6,0.0,60186.6,THURSDAY,19,Y,1,0.0,,,XAP,Approved,-425,Cash through the bank,XAP,,Repeater,Mobile,POS,XNA,Country-wide,15,Connectivity,10.0,low_normal,POS mobile without interest,365243.0,-380.0,-110.0,-290.0,-282.0,0.0
2048722,131286,Consumer loans,3349.8,14580.0,17244.0,0.0,14580.0,SUNDAY,18,Y,1,0.0,,,XAP,Approved,-561,Cash through the bank,XAP,,Repeater,Computers,POS,XNA,Regional / Local,70,Consumer electronics,6.0,middle,POS household with interest,365243.0,-529.0,-379.0,-379.0,-372.0,0.0
1533110,396041,Cash loans,,0.0,0.0,,,SATURDAY,17,Y,1,,,,XNA,Canceled,-12,XNA,XAP,,Repeater,XNA,XNA,XNA,Contact center,-1,XNA,,XNA,Cash,,,,,,
2306354,264627,Revolving loans,6750.0,0.0,135000.0,,,WEDNESDAY,12,Y,1,,,,XAP,Approved,-2781,XNA,XAP,,Repeater,XNA,Cards,x-sell,Country-wide,-1,Consumer electronics,0.0,XNA,Card Street,-2779.0,-2734.0,365243.0,-1548.0,-352.0,0.0
2132600,208312,Cash loans,19658.385,225000.0,247275.0,0.0,225000.0,MONDAY,10,Y,1,0.0,,,XNA,Approved,-2425,Cash through the bank,XAP,Unaccompanied,Repeater,XNA,Cash,x-sell,Credit and cash offices,0,XNA,18.0,middle,Cash Street: middle,365243.0,-2395.0,-1885.0,-1885.0,-1880.0,1.0
2378487,266499,Cash loans,21999.06,229500.0,265144.5,,229500.0,SATURDAY,10,Y,1,,,,XNA,Approved,-996,Cash through the bank,XAP,Unaccompanied,Refreshed,XNA,Cash,x-sell,Credit and cash offices,-1,XNA,18.0,high,Cash X-Sell: high,365243.0,-966.0,-456.0,-636.0,-605.0,1.0
2227465,208312,Cash loans,44131.095,675000.0,721332.0,,675000.0,WEDNESDAY,10,Y,1,,,,Journey,Refused,-659,Cash through the bank,VERIF,,Repeater,XNA,Cash,walk-in,Credit and cash offices,-1,XNA,24.0,middle,Cash Street: middle,,,,,,
1015488,279940,Cash loans,,0.0,0.0,,,THURSDAY,14,Y,1,,,,XNA,Canceled,-371,XNA,XAP,,Refreshed,XNA,XNA,XNA,Credit and cash offices,-1,XNA,,XNA,Cash,,,,,,
1681773,266499,Consumer loans,10634.535,79650.0,59980.5,22500.0,79650.0,SUNDAY,15,Y,1,0.2970950158467208,,,XAP,Approved,-2773,Cash through the bank,XAP,Other_A,New,Other,POS,XNA,Stone,149,Industry,6.0,low_normal,POS industry without interest,365243.0,-2741.0,-2591.0,-2591.0,-2584.0,1.0
1315809,213818,Consumer loans,7992.765,41850.0,39199.5,4500.0,41850.0,WEDNESDAY,17,Y,1,0.1121502326321602,,,XAP,Approved,-2066,Cash through the bank,XAP,,New,Mobile,POS,XNA,Country-wide,40,Connectivity,6.0,high,POS mobile with interest,365243.0,-2028.0,-1878.0,-1908.0,-1901.0,0.0
1029092,238850,Cash loans,16139.025,157500.0,157500.0,,157500.0,FRIDAY,12,Y,1,,,,XNA,Approved,-921,Cash through the bank,XAP,,Repeater,XNA,Cash,x-sell,Country-wide,-1,XNA,12.0,middle,Cash X-Sell: middle,365243.0,-891.0,-561.0,-561.0,-555.0,0.0
2752057,170148,Cash loans,6077.115,81000.0,116064.0,,81000.0,SATURDAY,12,Y,1,,,,Repairs,Refused,-524,Cash through the bank,HC,Unaccompanied,Repeater,XNA,Cash,walk-in,Credit and cash offices,-1,XNA,36.0,middle,Cash Street: middle,,,,,,
1411250,320940,Consumer loans,5223.915,51596.415,57042.0,3.915,51596.415,TUESDAY,13,Y,1,7.474314171472062e-05,,,XAP,Approved,-883,Cash through the bank,XAP,Family,Repeater,Audio/Video,POS,XNA,Regional / Local,800,Consumer electronics,12.0,low_action,POS household without interest,365243.0,-852.0,-522.0,-582.0,-577.0,0.0
1502077,317249,Cash loans,14604.3,495000.0,495000.0,,495000.0,MONDAY,12,Y,1,,,,XNA,Refused,-149,Cash through the bank,HC,Unaccompanied,Repeater,XNA,Cash,x-sell,Credit and cash offices,-1,XNA,60.0,low_normal,Cash X-Sell: low,,,,,,
1242466,131286,Revolving loans,9000.0,180000.0,180000.0,,180000.0,WEDNESDAY,17,Y,1,,,,XAP,Approved,-460,XNA,XAP,Unaccompanied,Repeater,XNA,Cards,x-sell,AP+ (Cash loan),8,XNA,0.0,XNA,Card X-Sell,-460.0,-417.0,365243.0,365243.0,365243.0,0.0
2728402,409076,Consumer loans,11967.03,121500.0,121500.0,0.0,121500.0,SUNDAY,13,Y,1,0.0,,,XAP,Approved,-220,XNA,XAP,,Repeater,Clothing and Accessories,POS,XNA,Stone,100,Clothing,12.0,low_normal,POS industry with interest,365243.0,-187.0,143.0,365243.0,365243.0,0.0
2655746,280342,Cash loans,,0.0,0.0,,,MONDAY,17,Y,1,,,,XNA,Canceled,-47,XNA,XAP,,Repeater,XNA,XNA,XNA,Credit and cash offices,-1,XNA,,XNA,Cash,,,,,,
2543264,182501,Consumer loans,43007.76,248373.0,223533.0,24840.0,248373.0,SATURDAY,15,Y,1,0.1089209301406278,,,XAP,Approved,-2811,Cash through the bank,XAP,Family,Repeater,Computers,POS,XNA,Country-wide,2221,Consumer electronics,6.0,high,POS household with interest,365243.0,-2780.0,-2630.0,-2630.0,-2621.0,0.0
1824798,131286,Revolving loans,9000.0,180000.0,180000.0,,180000.0,TUESDAY,16,Y,1,,,,XAP,Approved,-461,XNA,XAP,Unaccompanied,Repeater,XNA,Cards,x-sell,Credit and cash offices,0,XNA,0.0,XNA,Card X-Sell,,,,,,
1582867,126707,Cash loans,18468.54,252000.0,252000.0,,252000.0,FRIDAY,17,Y,1,,,,XNA,Refused,-25,Cash through the bank,HC,Unaccompanied,Repeater,XNA,Cash,x-sell,Credit and cash offices,-1,XNA,24.0,high,Cash X-Sell: high,,,,,,
1964030,213493,Consumer loans,7480.665,93082.5,107127.0,4635.0,93082.5,SUNDAY,11,Y,1,0.0451668399244498,,,XAP,Approved,-580,Cash through the bank,XAP,,Repeater,Computers,POS,XNA,Country-wide,30,Connectivity,24.0,high,POS mobile with interest,365243.0,-547.0,143.0,365243.0,365243.0,0.0
1883452,264627,Cash loans,66406.365,2250000.0,2517300.0,,2250000.0,THURSDAY,15,Y,1,,,,XNA,Refused,-1156,Cash through the bank,HC,Unaccompanied,Repeater,XNA,Cash,walk-in,Credit and cash offices,-1,XNA,60.0,low_action,Cash Street: low,,,,,,
2122614,398163,Cash loans,23274.045,450000.0,539100.0,,450000.0,TUESDAY,15,Y,1,,,,Repairs,Refused,-63,Cash through the bank,HC,Unaccompanied,Repeater,XNA,Cash,walk-in,Channel of corporate sales,-1,XNA,36.0,middle,Cash Street: middle,,,,,,
1968335,344176,Revolving loans,,0.0,0.0,,,SATURDAY,10,Y,1,,,,XAP,Canceled,-100,XNA,XAP,,Repeater,XNA,XNA,XNA,Credit and cash offices,-1,XNA,,XNA,Card Street,,,,,,
2024368,409076,Consumer loans,12641.49,124856.325,138037.5,3.825,124856.325,WEDNESDAY,13,Y,1,3.0177721977623183e-05,,,XAP,Approved,-742,Cash through the bank,XAP,,New,Audio/Video,POS,XNA,Country-wide,563,Consumer electronics,12.0,low_action,POS household without interest,365243.0,-711.0,-381.0,-441.0,-437.0,0.0
2294743,170148,Cash loans,,0.0,0.0,,,THURSDAY,8,Y,1,,,,XNA,Canceled,-596,XNA,XAP,,Repeater,XNA,XNA,XNA,Credit and cash offices,-1,XNA,,XNA,Cash,,,,,,
1952160,280342,Consumer loans,10790.955,93357.0,93357.0,0.0,93357.0,SATURDAY,9,Y,1,0.0,,,XAP,Approved,-42,Cash through the bank,XAP,Unaccompanied,Repeater,Clothing and Accessories,POS,XNA,Regional / Local,100,Industry,10.0,low_normal,POS industry with interest,365243.0,-8.0,262.0,365243.0,365243.0,0.0
2170561,126707,Revolving loans,7875.0,157500.0,157500.0,0.0,157500.0,SATURDAY,15,Y,1,0.0,,,XAP,Refused,-500,XNA,HC,,Repeater,XNA,Cards,walk-in,Country-wide,52,Connectivity,0.0,XNA,Card Street,,,,,,
1069493,208312,Cash loans,33706.08,675000.0,756081.0,,675000.0,FRIDAY,11,Y,1,,,,Journey,Refused,-656,Cash through the bank,VERIF,"Spouse, partner",Repeater,XNA,Cash,walk-in,Credit and cash offices,-1,XNA,42.0,middle,Cash Street: middle,,,,,,
1569423,126707,Consumer loans,3667.185,30671.55,33371.55,0.0,30671.55,SUNDAY,17,Y,1,0.0,,,XAP,Approved,-604,Cash through the bank,XAP,,Repeater,Mobile,POS,XNA,Country-wide,15,Connectivity,10.0,low_normal,POS mobile without interest,365243.0,-564.0,-294.0,-384.0,-380.0,0.0
2048057,126707,Cash loans,,0.0,0.0,,,TUESDAY,9,Y,1,,,,XNA,Canceled,-140,XNA,XAP,,Repeater,XNA,XNA,XNA,Contact center,-1,XNA,,XNA,Cash,,,,,,
2218173,299564,Consumer loans,10758.78,98955.0,109404.0,0.0,98955.0,WEDNESDAY,15,Y,1,0.0,,,XAP,Approved,-698,Cash through the bank,XAP,,Repeater,Computers,POS,XNA,Country-wide,50,Consumer electronics,12.0,middle,POS household with interest,365243.0,-667.0,-337.0,-637.0,-624.0,0.0
1500715,285282,Consumer loans,6350.715,36562.5,34641.0,3658.5,36562.5,THURSDAY,12,Y,1,0.1040337103854903,,,XAP,Refused,-777,Cash through the bank,HC,,New,Furniture,POS,XNA,Stone,150,Furniture,6.0,middle,POS industry with interest,,,,,,
2330822,396041,Cash loans,,0.0,0.0,,,TUESDAY,15,Y,1,,,,XNA,Canceled,-177,XNA,XAP,,Repeater,XNA,XNA,XNA,Credit and cash offices,-1,XNA,,XNA,Cash,,,,,,
2090801,109346,Cash loans,,0.0,0.0,,,THURSDAY,15,Y,1,,,,XNA,Canceled,-379,XNA,XAP,,Repeater,XNA,XNA,XNA,Credit and cash offices,-1,XNA,,XNA,Cash,,,,,,
2833013,124316,Consumer loans,6194.07,53087.85,53397.0,4501.35,53087.85,TUESDAY,15,Y,1,0.0846721774219189,,,XAP,Approved,-2179,Cash through the bank,XAP,Other_B,Repeater,Photo / Cinema Equipment,POS,XNA,Regional / Local,337,Consumer electronics,12.0,high,POS household with interest,365243.0,-2148.0,-1818.0,-1818.0,-1810.0,0.0
2180946,293971,Consumer loans,10492.515,94095.0,84685.5,9409.5,94095.0,FRIDAY,16,Y,1,0.1089090909090909,,,XAP,Approved,-2079,Cash through the bank,XAP,,Repeater,Construction Materials,POS,XNA,Stone,25,Construction,10.0,middle,POS industry with interest,365243.0,-2035.0,-1765.0,-1765.0,-1762.0,0.0
1172257,280342,Consumer loans,,77976.0,77976.0,,77976.0,SATURDAY,11,Y,1,,,,XAP,Refused,-1400,Cash through the bank,LIMIT,Unaccompanied,Repeater,Consumer Electronics,XNA,XNA,Country-wide,875,Consumer electronics,,XNA,POS household with interest,,,,,,
2433091,271368,Cash loans,,0.0,0.0,,,TUESDAY,11,Y,1,,,,XNA,Canceled,-132,XNA,XAP,,Repeater,XNA,XNA,XNA,Credit and cash offices,-1,XNA,,XNA,Cash,,,,,,
2130956,317249,Cash loans,45071.955,994500.0,994500.0,,994500.0,SATURDAY,12,Y,1,,,,XNA,Approved,-1208,Cash through the bank,XAP,Unaccompanied,Repeater,XNA,Cash,x-sell,Credit and cash offices,0,XNA,36.0,middle,Cash X-Sell: middle,,,,,,
1033353,109346,Cash loans,9588.915,112500.0,128245.5,,112500.0,TUESDAY,15,Y,1,,,,XNA,Approved,-1081,Cash through the bank,XAP,Unaccompanied,Repeater,XNA,Cash,x-sell,Credit and cash offices,-1,XNA,18.0,middle,Cash X-Sell: middle,365243.0,-1051.0,-541.0,-541.0,-537.0,1.0
1326481,299564,Cash loans,32229.855,450000.0,662620.5,,450000.0,THURSDAY,13,Y,1,,,,XNA,Approved,-1047,Cash through the bank,XAP,Unaccompanied,Repeater,XNA,Cash,walk-in,Credit and cash offices,-1,XNA,48.0,middle,Cash Street: middle,,,,,,
1322496,317249,Cash loans,29477.25,495000.0,495000.0,,495000.0,WEDNESDAY,11,Y,1,,,,Other,Refused,-133,Cash through the bank,HC,Unaccompanied,Repeater,XNA,Cash,walk-in,Credit and cash offices,-1,XNA,24.0,middle,Cash Street: middle,,,,,,
1060395,317249,Cash loans,35315.46,756000.0,846810.0,,756000.0,THURSDAY,13,Y,1,,,,XNA,Approved,-1126,Cash through the bank,XAP,Unaccompanied,Repeater,XNA,Cash,x-sell,Credit and cash offices,0,XNA,42.0,middle,Cash X-Sell: middle,365243.0,-1096.0,134.0,-136.0,-129.0,1.0
1068708,238850,Cash loans,19227.375,202500.0,202500.0,,202500.0,TUESDAY,9,Y,1,,,,XNA,Approved,-413,Cash through the bank,XAP,Unaccompanied,Repeater,XNA,Cash,x-sell,Credit and cash offices,-1,XNA,12.0,low_normal,Cash X-Sell: low,365243.0,-383.0,-53.0,-53.0,-44.0,0.0
1926319,339954,Consumer loans,3172.005,62928.0,70038.0,0.0,62928.0,THURSDAY,18,Y,1,0.0,,,XAP,Approved,-1021,Cash through the bank,XAP,Unaccompanied,Repeater,Audio/Video,POS,XNA,Country-wide,3102,Consumer electronics,24.0,low_action,POS household without interest,365243.0,-990.0,-300.0,-300.0,-283.0,0.0
1955081,317249,Cash loans,9035.415,67500.0,81864.0,0.0,67500.0,MONDAY,13,Y,1,0.0,,,XNA,Refused,-2144,Cash through the bank,HC,Unaccompanied,Repeater,XNA,Cash,x-sell,Credit and cash offices,0,XNA,12.0,high,Cash X-Sell: high,,,,,,
2246374,407315,Consumer loans,8137.62,48132.0,51309.0,0.0,48132.0,SATURDAY,8,Y,1,0.0,,,XAP,Approved,-2604,Cash through the bank,XAP,Other_B,Repeater,Consumer Electronics,POS,XNA,Country-wide,30180,Consumer electronics,8.0,high,POS household with interest,365243.0,-2573.0,-2363.0,-2363.0,-2358.0,1.0
1577681,448125,Consumer loans,14143.41,83655.0,89176.5,0.0,83655.0,SATURDAY,9,Y,1,0.0,,,XAP,Approved,-2861,Cash through the bank,XAP,Other_A,New,Consumer Electronics,POS,XNA,Regional / Local,69,Consumer electronics,8.0,high,POS household with interest,365243.0,-2830.0,-2620.0,-2620.0,-2615.0,1.0
1057669,314364,Consumer loans,6839.91,57150.0,62181.0,0.0,57150.0,SATURDAY,13,Y,1,0.0,,,XAP,Approved,-858,Cash through the bank,XAP,,New,Clothing and Accessories,POS,XNA,Stone,1000,Clothing,10.0,low_normal,POS industry with interest,365243.0,-827.0,-557.0,-587.0,-584.0,0.0
2772557,353814,Consumer loans,4262.04,28665.0,20637.0,9000.0,28665.0,FRIDAY,14,Y,1,0.3307290947740387,,,XAP,Approved,-1511,Cash through the bank,XAP,Family,Refreshed,Photo / Cinema Equipment,POS,XNA,Country-wide,62,Connectivity,6.0,high,POS mobile with interest,365243.0,-1480.0,-1330.0,-1330.0,-1327.0,0.0
2052898,180741,Cash loans,,0.0,0.0,,,FRIDAY,9,Y,1,,,,XNA,Canceled,-572,XNA,XAP,,Repeater,XNA,XNA,XNA,Credit and cash offices,-1,XNA,,XNA,Cash,,,,,,
1254054,154747,Cash loans,,0.0,0.0,,,WEDNESDAY,19,Y,1,,,,XNA,Canceled,-303,XNA,XAP,,Repeater,XNA,XNA,XNA,Contact center,-1,XNA,,XNA,Cash,,,,,,
2374601,295711,Consumer loans,14622.345,134550.0,148756.5,0.0,134550.0,MONDAY,20,Y,1,0.0,,,XAP,Approved,-173,Cash through the bank,XAP,Family,Repeater,Clothing and Accessories,POS,XNA,Regional / Local,50,Clothing,12.0,low_normal,POS industry with interest,365243.0,-138.0,192.0,365243.0,365243.0,0.0
1118114,402376,Cash loans,,0.0,0.0,,,FRIDAY,11,Y,1,,,,XNA,Canceled,-383,XNA,XAP,,Repeater,XNA,XNA,XNA,Credit and cash offices,0,XNA,,XNA,Cash,,,,,,
2799166,317249,Cash loans,25789.68,882000.0,882000.0,,882000.0,MONDAY,12,Y,1,,,,XNA,Refused,-149,Cash through the bank,HC,Unaccompanied,Repeater,XNA,Cash,x-sell,Credit and cash offices,-1,XNA,60.0,low_normal,Cash X-Sell: low,,,,,,
1145031,170148,Consumer loans,18112.005,309659.625,350532.0,1.125,309659.625,MONDAY,8,Y,1,3.4953252213389886e-06,,,XAP,Refused,-578,Cash through the bank,LIMIT,,Repeater,Audio/Video,POS,XNA,Country-wide,1300,Consumer electronics,24.0,low_normal,POS household with interest,,,,,,
1000237,208312,Cash loans,34884.765,315000.0,332046.0,,315000.0,THURSDAY,14,Y,1,,,,XNA,Approved,-651,Cash through the bank,XAP,,Repeater,XNA,Cash,x-sell,Credit and cash offices,-1,XNA,12.0,middle,Cash X-Sell: middle,365243.0,-621.0,-291.0,-321.0,-319.0,1.0
2299815,178610,Consumer loans,7685.505,142339.5,167517.0,0.0,142339.5,TUESDAY,14,Y,1,0.0,,,XAP,Approved,-1812,Cash through the bank,XAP,Family,Repeater,Photo / Cinema Equipment,POS,XNA,Country-wide,1326,Consumer electronics,24.0,low_action,POS household without interest,365243.0,-1778.0,-1088.0,-1148.0,-1142.0,0.0
2462391,299564,Revolving loans,15750.0,0.0,315000.0,,,THURSDAY,12,Y,1,,,,XAP,Approved,-1460,XNA,XAP,,Repeater,XNA,Cards,x-sell,Credit and cash offices,-1,XNA,0.0,XNA,Card X-Sell,365243.0,365243.0,365243.0,365243.0,365243.0,0.0
2606064,264627,Cash loans,21052.8,720000.0,720000.0,,720000.0,THURSDAY,15,Y,1,,,,XNA,Approved,-1148,Cash through the bank,XAP,Unaccompanied,Repeater,XNA,Cash,walk-in,Credit and cash offices,-1,XNA,60.0,low_normal,Cash Street: low,365243.0,-1118.0,652.0,-788.0,-782.0,0.0
2029260,213493,Consumer loans,10056.06,51165.0,53865.0,0.0,51165.0,SUNDAY,13,Y,1,0.0,,,XAP,Approved,-902,Cash through the bank,XAP,Unaccompanied,New,Audio/Video,POS,XNA,Stone,96,Consumer electronics,6.0,middle,POS household with interest,365243.0,-870.0,-720.0,-720.0,-713.0,0.0
2399528,238850,Cash loans,,0.0,0.0,,,TUESDAY,9,Y,1,,,,XNA,Canceled,-413,XNA,XAP,,Repeater,XNA,XNA,XNA,Credit and cash offices,-1,XNA,,XNA,Cash,,,,,,
1187434,293971,Cash loans,14368.725,225000.0,315144.0,,225000.0,TUESDAY,17,Y,1,,,,XNA,Approved,-1676,Cash through the bank,XAP,Unaccompanied,Repeater,XNA,Cash,x-sell,Credit and cash offices,-1,XNA,36.0,middle,Cash X-Sell: middle,365243.0,-1646.0,-596.0,-1436.0,-1432.0,1.0
2486766,271368,Revolving loans,3375.0,0.0,67500.0,,,MONDAY,7,Y,1,,,,XAP,Approved,-2877,XNA,XAP,,Repeater,XNA,Cards,x-sell,Country-wide,360,Consumer electronics,0.0,XNA,Card Street,-2870.0,-2822.0,365243.0,-1787.0,365243.0,0.0
1336427,317249,Cash loans,16656.435,180000.0,197820.0,0.0,180000.0,THURSDAY,9,Y,1,0.0,,,XNA,Approved,-2729,Cash through the bank,XAP,Other_B,New,XNA,Cash,walk-in,Credit and cash offices,0,XNA,18.0,high,Cash Street: high,365243.0,-2699.0,-2189.0,-2309.0,-2306.0,1.0
1626472,213240,Consumer loans,3415.365,28800.0,28485.0,2880.0,28800.0,SATURDAY,12,Y,1,0.1000026085822355,,,XAP,Approved,-2228,Non-cash from your account,XAP,Family,Repeater,Mobile,POS,XNA,Stone,25,Consumer electronics,12.0,high,POS household with interest,365243.0,-2194.0,-1864.0,-1864.0,-1856.0,0.0
1948840,407315,Cash loans,11527.875,112500.0,112500.0,,112500.0,SUNDAY,10,Y,1,,,,XNA,Approved,-62,Cash through the bank,XAP,Unaccompanied,Repeater,XNA,Cash,x-sell,Country-wide,5,Consumer electronics,12.0,middle,Cash X-Sell: middle,,,,,,
1426381,398163,Cash loans,,0.0,0.0,,,WEDNESDAY,10,Y,1,,,,XNA,Canceled,-244,XNA,XAP,,Repeater,XNA,XNA,XNA,Channel of corporate sales,-1,XNA,,XNA,Cash,,,,,,
1344318,398163,Cash loans,8793.0,315000.0,315000.0,,315000.0,MONDAY,15,Y,1,,,,Journey,Refused,-239,Cash through the bank,HC,Unaccompanied,Repeater,XNA,Cash,walk-in,Channel of corporate sales,-1,XNA,60.0,low_normal,Cash Street: low,,,,,,
2639837,398163,Cash loans,22556.475,225000.0,239850.0,,225000.0,MONDAY,11,Y,1,,,,XNA,Approved,-330,Cash through the bank,XAP,Unaccompanied,Repeater,XNA,Cash,x-sell,Channel of corporate sales,-1,XNA,12.0,low_normal,Cash X-Sell: low,365243.0,-300.0,30.0,-90.0,-86.0,1.0
1420748,126707,Consumer loans,2593.755,21100.5,24444.0,0.0,21100.5,FRIDAY,16,Y,1,0.0,,,XAP,Approved,-130,Cash through the bank,XAP,,Repeater,Mobile,POS,XNA,Country-wide,15,Connectivity,12.0,middle,POS mobile with interest,365243.0,-34.0,296.0,365243.0,365243.0,0.0
2432900,213240,Consumer loans,3756.6,33300.0,32440.5,3330.0,33300.0,TUESDAY,15,Y,1,0.1013872528276855,,,XAP,Approved,-2505,XNA,XAP,Family,Repeater,Consumer Electronics,POS,XNA,Stone,100,Consumer electronics,10.0,middle,POS household with interest,365243.0,-2468.0,-2198.0,-2198.0,-2192.0,1.0
1287858,407315,Consumer loans,3326.85,33646.5,33268.5,3375.0,33646.5,SUNDAY,14,Y,1,0.1003092449733736,,,XAP,Approved,-2596,Cash through the bank,XAP,"Spouse, partner",Repeater,Audio/Video,POS,XNA,Country-wide,30180,Consumer electronics,12.0,middle,POS household with interest,365243.0,-2565.0,-2235.0,-2295.0,-2288.0,1.0
2271852,402376,Consumer loans,9657.585,107298.0,85837.5,21460.5,107298.0,SATURDAY,14,Y,1,0.2178273169541413,,,XAP,Approved,-872,Cash through the bank,XAP,,New,Vehicles,POS,XNA,Stone,240,Industry,10.0,low_normal,POS other with interest,365243.0,-841.0,-571.0,-691.0,-689.0,0.0
1103999,317249,Consumer loans,12129.255,114300.0,126369.0,0.0,114300.0,SATURDAY,15,Y,1,0.0,,,XAP,Approved,-214,Cash through the bank,XAP,Other_B,Repeater,Furniture,POS,XNA,Stone,54,Furniture,12.0,low_normal,POS industry with interest,365243.0,-183.0,147.0,-153.0,-150.0,0.0
2258089,280342,Revolving loans,6750.0,0.0,135000.0,,,WEDNESDAY,12,Y,1,,,,XAP,Approved,-2887,XNA,XAP,,Repeater,XNA,Cards,x-sell,Country-wide,1710,Consumer electronics,0.0,XNA,Card Street,-2886.0,-2846.0,365243.0,-1781.0,365243.0,0.0
1607451,213240,Consumer loans,3563.64,35640.0,32076.0,3564.0,35640.0,TUESDAY,15,Y,1,0.1089090909090909,,,XAP,Approved,-2806,XNA,XAP,Unaccompanied,Repeater,Consumer Electronics,POS,XNA,Stone,335,Consumer electronics,10.0,low_normal,POS household without interest,365243.0,-2769.0,-2499.0,-2499.0,-2479.0,0.0
1370450,131286,Consumer loans,4228.785,16717.5,15381.0,3343.5,16717.5,SUNDAY,16,Y,1,0.1944711717026064,,,XAP,Approved,-876,Cash through the bank,XAP,Unaccompanied,Repeater,Mobile,POS,XNA,Country-wide,-1,Connectivity,4.0,middle,POS mobile without interest,365243.0,-845.0,-755.0,-755.0,-750.0,0.0
1402798,264627,Cash loans,33986.655,1125000.0,1288350.0,,1125000.0,THURSDAY,15,Y,1,,,,XNA,Refused,-1149,Cash through the bank,HC,Unaccompanied,Repeater,XNA,Cash,walk-in,Credit and cash offices,-1,XNA,60.0,low_action,Cash Street: low,,,,,,
1723246,409076,Revolving loans,9000.0,180000.0,180000.0,,180000.0,SATURDAY,14,Y,1,,,,XAP,Approved,-501,XNA,XAP,Unaccompanied,Repeater,XNA,Cards,x-sell,Credit and cash offices,-1,XNA,0.0,XNA,Card X-Sell,-499.0,-458.0,365243.0,-65.0,-25.0,0.0
2127332,396041,Cash loans,102136.86,1044000.0,1074316.5,,1044000.0,TUESDAY,15,Y,1,,,,XNA,Approved,-177,Cash through the bank,XAP,Unaccompanied,Repeater,XNA,Cash,x-sell,Credit and cash offices,-1,XNA,12.0,low_normal,Cash X-Sell: low,365243.0,-147.0,183.0,365243.0,365243.0,1.0
2816721,208312,Cash loans,47859.075,1107000.0,1203444.0,,1107000.0,TUESDAY,13,Y,1,,,,XNA,Approved,-317,Cash through the bank,XAP,"Spouse, partner",Repeater,XNA,Cash,x-sell,Credit and cash offices,-1,XNA,36.0,low_normal,Cash X-Sell: low,365243.0,-287.0,763.0,365243.0,365243.0,1.0
1147472,266499,Consumer loans,3734.505,22230.0,18607.5,4500.0,22230.0,SUNDAY,15,Y,1,0.2120917057625918,,,XAP,Approved,-2584,Cash through the bank,XAP,Unaccompanied,Repeater,Mobile,POS,XNA,Country-wide,37,Connectivity,6.0,low_normal,POS mobile with interest,365243.0,-2553.0,-2403.0,-2403.0,-2395.0,1.0
1637784,180741,Cash loans,,0.0,0.0,,,TUESDAY,12,Y,1,,,,XNA,Canceled,-386,XNA,XAP,,Repeater,XNA,XNA,XNA,Contact center,-1,XNA,,XNA,Cash,,,,,,
2733866,344176,Cash loans,,0.0,0.0,,,WEDNESDAY,6,Y,1,,,,XNA,Canceled,-439,XNA,XAP,,Repeater,XNA,XNA,XNA,Credit and cash offices,-1,XNA,,XNA,Cash,,,,,,
1656409,271368,Cash loans,,0.0,0.0,,,FRIDAY,11,Y,1,,,,XNA,Canceled,-150,XNA,XAP,,Repeater,XNA,XNA,XNA,Credit and cash offices,-1,XNA,,XNA,Cash,,,,,,
2752680,398163,Cash loans,12505.5,450000.0,450000.0,,450000.0,THURSDAY,9,Y,1,,,,Journey,Refused,-243,Cash through the bank,HC,Unaccompanied,Repeater,XNA,Cash,walk-in,Channel of corporate sales,-1,XNA,60.0,low_normal,Cash Street: low,,,,,,
1350928,154747,Consumer loans,6461.1,34739.73,36571.5,4.23,34739.73,TUESDAY,13,Y,1,0.0001259538646379,,,XAP,Approved,-753,Cash through the bank,XAP,,Repeater,Photo / Cinema Equipment,POS,XNA,Country-wide,795,Consumer electronics,6.0,low_normal,POS household with interest,365243.0,-722.0,-572.0,-572.0,-566.0,0.0
2077084,398163,Consumer loans,10692.135,53972.28,53968.5,3.78,53972.28,TUESDAY,14,Y,1,7.627551840247691e-05,,,XAP,Approved,-1967,Cash through the bank,XAP,Family,Refreshed,Consumer Electronics,POS,XNA,Country-wide,4009,Consumer electronics,6.0,high,POS household with interest,365243.0,-1936.0,-1786.0,-1786.0,-1780.0,0.0
1821437,344176,Consumer loans,19796.355,113967.0,107982.0,11398.5,113967.0,THURSDAY,10,Y,1,0.1039868548655159,,,XAP,Approved,-914,XNA,XAP,Family,New,Computers,POS,XNA,Stone,45,Consumer electronics,6.0,middle,POS household with interest,365243.0,-882.0,-732.0,-732.0,-722.0,0.0
2637618,317249,Cash loans,,0.0,0.0,,,WEDNESDAY,11,Y,1,,,,XNA,Canceled,-133,XNA,XAP,,Repeater,XNA,XNA,XNA,Credit and cash offices,-1,XNA,,XNA,Cash,,,,,,
1490319,180741,Consumer loans,12700.8,180000.0,180000.0,0.0,180000.0,FRIDAY,8,Y,1,0.0,,,XAP,Approved,-614,Cash through the bank,XAP,,Repeater,Clothing and Accessories,POS,XNA,Stone,60,Clothing,18.0,middle,POS industry with interest,365243.0,-583.0,-73.0,-73.0,-66.0,0.0
1757219,398163,Revolving loans,6750.0,135000.0,135000.0,,135000.0,TUESDAY,11,Y,1,,,,XAP,Refused,-56,XNA,HC,Unaccompanied,Repeater,XNA,Cards,walk-in,Channel of corporate sales,-1,XNA,0.0,XNA,Card Street,,,,,,
2374875,126707,Consumer loans,,91251.0,91251.0,0.0,91251.0,SATURDAY,15,Y,1,0.0,,,XAP,Unused offer,-500,Cash through the bank,CLIENT,,Repeater,Mobile,XNA,XNA,Country-wide,52,Connectivity,,XNA,POS mobile with interest,,,,,,
2041619,170148,Cash loans,,0.0,0.0,,,WEDNESDAY,7,Y,1,,,,XNA,Canceled,-562,XNA,XAP,,Repeater,XNA,XNA,XNA,Credit and cash offices,-1,XNA,,XNA,Cash,,,,,,
1329235,279940,Cash loans,25540.245,450000.0,545040.0,,450000.0,THURSDAY,15,Y,1,,,,XNA,Approved,-371,Cash through the bank,XAP,Unaccompanied,Refreshed,XNA,Cash,x-sell,Credit and cash offices,-1,XNA,48.0,middle,Cash X-Sell: middle,365243.0,-341.0,1069.0,-251.0,-249.0,1.0
2452424,131421,Consumer loans,22184.91,189000.0,189000.0,0.0,189000.0,SUNDAY,8,Y,1,0.0,,,XAP,Approved,-24,XNA,XAP,Unaccompanied,Repeater,Auto Accessories,POS,XNA,Stone,12,Auto technology,10.0,middle,POS other with interest,365243.0,365243.0,278.0,365243.0,365243.0,0.0
1187845,109346,Consumer loans,4769.1,69093.0,79353.0,0.0,69093.0,SATURDAY,12,Y,1,0.0,,,XAP,Approved,-1595,Cash through the bank,XAP,Unaccompanied,New,Photo / Cinema Equipment,POS,XNA,Country-wide,2500,Consumer electronics,18.0,low_action,POS household without interest,365243.0,-1564.0,-1054.0,-1054.0,-1048.0,0.0
2535347,170148,Cash loans,9108.945,72000.0,76752.0,,72000.0,THURSDAY,8,Y,1,,,,Urgent needs,Approved,-596,Cash through the bank,XAP,,Repeater,XNA,Cash,walk-in,Credit and cash offices,-1,XNA,12.0,high,Cash Street: high,365243.0,-566.0,-236.0,-566.0,-558.0,1.0
2453641,170148,Cash loans,12046.23,112500.0,152464.5,,112500.0,WEDNESDAY,7,Y,1,,,,Repairs,Refused,-562,XNA,HC,,Repeater,XNA,Cash,walk-in,Credit and cash offices,-1,XNA,24.0,high,Cash Street: high,,,,,,
2502647,317249,Cash loans,,0.0,0.0,,,MONDAY,12,Y,1,,,,XNA,Canceled,-121,XNA,XAP,,Repeater,XNA,XNA,XNA,Credit and cash offices,-1,XNA,,XNA,Cash,,,,,,
1392011,106937,Consumer loans,2511.36,23589.0,23589.0,0.0,23589.0,WEDNESDAY,17,Y,1,0.0,,,XAP,Approved,-236,Cash through the bank,XAP,Family,Repeater,Mobile,POS,XNA,Country-wide,20,Connectivity,12.0,middle,POS mobile with interest,365243.0,-183.0,147.0,365243.0,365243.0,0.0
1963113,213818,Cash loans,,0.0,0.0,,,WEDNESDAY,10,Y,1,,,,XNA,Canceled,-309,XNA,XAP,,Repeater,XNA,XNA,XNA,Credit and cash offices,-1,XNA,,XNA,Cash,,,,,,
1450829,398163,Cash loans,34411.5,900000.0,900000.0,,900000.0,THURSDAY,16,Y,1,,,,XNA,Refused,-152,Cash through the bank,HC,Unaccompanied,Repeater,XNA,Cash,x-sell,Channel of corporate sales,-1,XNA,36.0,low_normal,Cash X-Sell: low,,,,,,
1521256,180741,Cash loans,,0.0,0.0,,,WEDNESDAY,16,Y,1,,,,XNA,Canceled,-301,XNA,XAP,,Repeater,XNA,XNA,XNA,Credit and cash offices,-1,XNA,,XNA,Cash,,,,,,
1458024,304977,Cash loans,,0.0,0.0,,,TUESDAY,15,Y,1,,,,XNA,Canceled,-184,XNA,XAP,,Repeater,XNA,XNA,XNA,Contact center,-1,XNA,,XNA,Cash,,,,,,
2239289,407315,Consumer loans,9661.95,114750.0,114750.0,0.0,114750.0,SUNDAY,9,Y,1,0.0,,,XAP,Approved,-1294,Cash through the bank,XAP,Family,Repeater,Clothing and Accessories,POS,XNA,Stone,39,Clothing,18.0,high,POS industry with interest,365243.0,-1262.0,-752.0,-1082.0,-1077.0,0.0
1554893,131286,Revolving loans,,0.0,0.0,,,TUESDAY,16,Y,1,,,,XAP,Canceled,-461,XNA,XAP,,Repeater,XNA,XNA,XNA,Credit and cash offices,0,XNA,,XNA,Card Street,,,,,,
1306722,126707,Consumer loans,5529.51,106605.0,93105.0,13500.0,106605.0,TUESDAY,14,Y,1,0.137917801911048,,,XAP,Approved,-518,Cash through the bank,XAP,,Repeater,Computers,POS,XNA,Regional / Local,250,Consumer electronics,24.0,middle,POS household with interest,365243.0,-481.0,209.0,-391.0,-387.0,0.0
1441849,317249,Cash loans,21389.895,180000.0,231786.0,0.0,180000.0,WEDNESDAY,14,Y,1,0.0,,,Repairs,Approved,-1882,Cash through the bank,XAP,Unaccompanied,Repeater,XNA,Cash,walk-in,Credit and cash offices,0,XNA,18.0,high,Cash Street: high,365243.0,-1852.0,-1342.0,-1372.0,-1368.0,1.0
1715334,126707,Consumer loans,20319.705,220036.5,215023.5,22005.0,220036.5,TUESDAY,11,Y,1,0.101107864474295,,,XAP,Approved,-1169,Cash through the bank,XAP,Family,New,Audio/Video,POS,XNA,Country-wide,2078,Consumer electronics,12.0,low_normal,POS household with interest,365243.0,-1138.0,-808.0,-808.0,-800.0,0.0
1266257,126707,Cash loans,,0.0,0.0,,,THURSDAY,17,Y,1,,,,XNA,Canceled,-502,XNA,XAP,,Repeater,XNA,XNA,XNA,Credit and cash offices,-1,XNA,,XNA,Cash,,,,,,
2614391,398163,Cash loans,,0.0,0.0,,,THURSDAY,16,Y,1,,,,XNA,Canceled,-159,XNA,XAP,,Repeater,XNA,XNA,XNA,Credit and cash offices,-1,XNA,,XNA,Cash,,,,,,
1108566,124316,Consumer loans,3339.81,32139.0,28255.5,6430.5,32139.0,WEDNESDAY,12,Y,1,0.201908524791244,,,XAP,Approved,-2073,Cash through the bank,XAP,,Repeater,Mobile,POS,XNA,Country-wide,30,Connectivity,12.0,high,POS mobile with interest,365243.0,-2035.0,-1705.0,-1795.0,-1789.0,0.0
